/*
SQLyog Ultimate - MySQL GUI v8.2 
MySQL - 5.5.27 : Database - bookstore
*********************************************************************
*/

/*!40101 SET NAMES utf8 */;

/*!40101 SET SQL_MODE=''*/;

/*!40014 SET @OLD_UNIQUE_CHECKS=@@UNIQUE_CHECKS, UNIQUE_CHECKS=0 */;
/*!40014 SET @OLD_FOREIGN_KEY_CHECKS=@@FOREIGN_KEY_CHECKS, FOREIGN_KEY_CHECKS=0 */;
/*!40101 SET @OLD_SQL_MODE=@@SQL_MODE, SQL_MODE='NO_AUTO_VALUE_ON_ZERO' */;
/*!40111 SET @OLD_SQL_NOTES=@@SQL_NOTES, SQL_NOTES=0 */;
CREATE DATABASE /*!32312 IF NOT EXISTS*/`bookstore` /*!40100 DEFAULT CHARACTER SET utf8 */;

USE `bookstore`;

/*Table structure for table `adminuser` */

DROP TABLE IF EXISTS `adminuser`;

CREATE TABLE `adminuser` (
  `uid` int(11) NOT NULL AUTO_INCREMENT,
  `username` varchar(30) DEFAULT NULL,
  `PASSWORD` varchar(30) DEFAULT NULL,
  PRIMARY KEY (`uid`)
) ENGINE=InnoDB AUTO_INCREMENT=7 DEFAULT CHARSET=utf8;

/*Data for the table `adminuser` */

insert  into `adminuser`(`uid`,`username`,`PASSWORD`) values (1,'admin','123'),(3,'qww','123'),(4,'qqq','123'),(6,'a123','123');

/*Table structure for table `category` */

DROP TABLE IF EXISTS `category`;

CREATE TABLE `category` (
  `cid` int(11) NOT NULL AUTO_INCREMENT,
  `cname` varchar(30) DEFAULT NULL,
  PRIMARY KEY (`cid`)
) ENGINE=InnoDB AUTO_INCREMENT=9 DEFAULT CHARSET=utf8;

/*Data for the table `category` */

insert  into `category`(`cid`,`cname`) values (1,'童书'),(2,'文艺'),(3,'励志'),(4,'经管'),(5,'生活'),(6,'教育'),(7,'科技'),(8,'人文');

/*Table structure for table `categorysecond` */

DROP TABLE IF EXISTS `categorysecond`;

CREATE TABLE `categorysecond` (
  `csid` int(11) NOT NULL AUTO_INCREMENT,
  `csname` varchar(30) DEFAULT NULL,
  `cid` int(11) DEFAULT NULL,
  PRIMARY KEY (`csid`),
  KEY `FK936FCAF21DB1FD15` (`cid`),
  CONSTRAINT `FK936FCAF21DB1FD15` FOREIGN KEY (`cid`) REFERENCES `category` (`cid`)
) ENGINE=InnoDB AUTO_INCREMENT=44 DEFAULT CHARSET=utf8;

/*Data for the table `categorysecond` */

insert  into `categorysecond`(`csid`,`csname`,`cid`) values (1,'3-6岁',1),(2,'7-10岁',1),(3,'幼儿启蒙',1),(4,'婴儿读物',1),(5,'动漫/卡通',1),(6,'科普/百科',1),(7,'小说',2),(8,'文学',2),(9,'艺术',2),(10,'青春文学',2),(11,'动漫/幽默',2),(12,'成功/励志',3),(13,'心灵修养',3),(14,'人生哲学',3),(15,'人际交往',3),(16,'职场',3),(17,'经济',4),(18,'管理',4),(19,'股票金融',4),(20,'互联网',4),(21,'投资理财',4),(22,'会计',4),(23,'运动',5),(24,'休闲',5),(25,'旅游',5),(26,'美食',5),(27,'中小学教辅',6),(28,'考试',6),(29,'考研',6),(30,'外语',6),(31,'英语四级',6),(32,'计算机/网络',7),(33,'科普读物',7),(34,'工业技术',7),(35,'自然科学',7),(36,'医学',7),(37,'建筑',7),(38,'历史',8),(39,'政治军事',8),(40,'文化',8),(41,'社会科学',8),(42,'心理学',8),(43,'法律',8);

/*Table structure for table `orderitem` */

DROP TABLE IF EXISTS `orderitem`;

CREATE TABLE `orderitem` (
  `itemid` int(11) NOT NULL AUTO_INCREMENT,
  `count` int(11) DEFAULT NULL,
  `subtotal` double DEFAULT NULL,
  `pid` int(11) DEFAULT NULL,
  `oid` int(11) DEFAULT NULL,
  PRIMARY KEY (`itemid`),
  KEY `FKE8B2AB6166C01961` (`oid`),
  KEY `FKE8B2AB6171DB7AE4` (`pid`),
  KEY `FKE8B2AB6140ACF87A` (`oid`),
  CONSTRAINT `FKE8B2AB6140ACF87A` FOREIGN KEY (`oid`) REFERENCES `orders` (`oid`),
  CONSTRAINT `FKE8B2AB6171DB7AE4` FOREIGN KEY (`pid`) REFERENCES `product` (`pid`)
) ENGINE=InnoDB AUTO_INCREMENT=51 DEFAULT CHARSET=utf8;

/*Data for the table `orderitem` */

insert  into `orderitem`(`itemid`,`count`,`subtotal`,`pid`,`oid`) values (17,1,25,3002,9004),(18,1,31,2001,9004),(19,1,25,3002,9006),(20,1,53,8001,9006),(21,1,44,2004,9006),(22,1,31,2001,9006),(23,1,31,2001,9007),(24,1,44,2004,9007),(25,1,31,2001,9008),(26,1,25,3002,9008),(27,2,38,1001,11200),(28,1,53,8001,9011),(29,1,44,2004,9011),(30,1,31,2001,9012),(31,2,78,1014,9013),(32,2,32,1013,9013),(33,1,89,8009,11201),(34,1,21,4004,11202),(35,1,69,5003,11202),(36,1,63,2016,11203),(37,2,178,8009,11203),(38,1,34,5006,11204),(39,1,50,5001,11204),(40,1,23,5009,11205),(41,1,19,5008,11205),(42,1,29,6002,11206),(43,1,31,2001,11206),(44,2,72,4001,11207),(45,1,69,5003,11207),(46,2,64,4002,11208),(47,1,21,4004,11209),(48,1,36,4001,11209),(49,1,89,8009,11209),(50,2,58,1002,11210);

/*Table structure for table `orders` */

DROP TABLE IF EXISTS `orders`;

CREATE TABLE `orders` (
  `oid` int(11) NOT NULL AUTO_INCREMENT,
  `total` double DEFAULT NULL,
  `ordertime` datetime DEFAULT NULL,
  `state` int(11) DEFAULT NULL,
  `name` varchar(30) DEFAULT NULL,
  `phone` varchar(30) DEFAULT NULL,
  `addr` varchar(50) DEFAULT NULL,
  `uid` int(11) DEFAULT NULL,
  PRIMARY KEY (`oid`),
  KEY `FKC3DF62E5AA3D9C7` (`uid`),
  CONSTRAINT `FKC3DF62E5AA3D9C7` FOREIGN KEY (`uid`) REFERENCES `user` (`uid`)
) ENGINE=InnoDB AUTO_INCREMENT=11211 DEFAULT CHARSET=utf8;

/*Data for the table `orders` */

insert  into `orders`(`oid`,`total`,`ordertime`,`state`,`name`,`phone`,`addr`,`uid`) values (9004,56,'2018-03-22 15:03:36',1,NULL,NULL,NULL,14),(9006,153,'2018-03-22 15:28:43',1,NULL,NULL,NULL,14),(9007,75,'2018-03-22 16:52:43',1,NULL,NULL,NULL,14),(9008,56,'2018-03-22 16:53:43',1,NULL,NULL,NULL,14),(9011,97,'2018-03-26 14:29:04',1,NULL,NULL,NULL,14),(9012,31,'2018-03-26 14:37:46',1,'小明',NULL,NULL,14),(9013,110,'2018-03-26 21:04:17',4,'小明','18744887590','福建石狮闽南理工学院',14),(11200,38,'2018-03-22 16:54:20',4,'小明','18744887590','福建石狮闽南理工学院',14),(11201,89,'2018-04-09 15:00:48',1,'','','',21),(11202,90,'2018-04-12 17:06:09',1,'小明','18744887590','福建石狮闽南理工学院',14),(11203,241,'2018-04-18 14:58:44',1,'匿名','12345678900','test',22),(11204,84,'2018-05-16 19:55:46',1,'小明','18744887590','福建石狮闽南理工学院',14),(11205,42,'2018-05-17 20:25:56',1,'小明','18744887590','福建石狮闽南理工学院',14),(11206,60,'2018-05-18 12:22:35',1,'小明','18744887590','福建石狮闽南理工学院',14),(11207,141,'2018-05-19 23:12:43',1,'123','123','123',NULL),(11208,64,'2018-05-19 23:14:34',3,'123','123','123',NULL),(11209,146,'2018-05-19 23:25:23',1,'123','123','123',NULL),(11210,58,'2018-05-20 17:19:29',1,'小明','18744887590','福建石狮闽南理工学院',14);

/*Table structure for table `product` */

DROP TABLE IF EXISTS `product`;

CREATE TABLE `product` (
  `pid` int(11) NOT NULL AUTO_INCREMENT,
  `pname` varchar(30) DEFAULT NULL,
  `author` varchar(30) DEFAULT NULL,
  `press` varchar(30) DEFAULT NULL,
  `market_price` double DEFAULT NULL,
  `shop_price` double DEFAULT NULL,
  `image` varchar(255) DEFAULT NULL,
  `spoint` varchar(255) DEFAULT NULL,
  `pdesc` varchar(255) DEFAULT NULL,
  `adesc` varchar(255) DEFAULT NULL,
  `is_hot` int(11) DEFAULT NULL,
  `pdate` datetime DEFAULT NULL,
  `csid` int(11) DEFAULT NULL,
  PRIMARY KEY (`pid`),
  KEY `FKED8DCCEFB9B74E02` (`csid`),
  CONSTRAINT `FKED8DCCEFB9B74E02` FOREIGN KEY (`csid`) REFERENCES `categorysecond` (`csid`)
) ENGINE=InnoDB AUTO_INCREMENT=8010 DEFAULT CHARSET=utf8;

/*Data for the table `product` */

insert  into `product`(`pid`,`pname`,`author`,`press`,`market_price`,`shop_price`,`image`,`spoint`,`pdesc`,`adesc`,`is_hot`,`pdate`,`csid`) values (1001,'恐龙王国大百科','张飞飞','广东科技出版社',58,19,'products/book1001.jpg','从远古的回顾到今天的眺望，如果只选择停留在原点，便永远望不见地平线另一端的模样。成长，是一个过程，如果不能让脚步飞扬，那么就该让思想插上翅膀。童话与故事赐予我们想象，它们是基石，垫高我们迈向前方的脚。当我们把“为什么”变成惊叹号，当我们无畏地闯入大自然的怀抱，成长的轨迹便会向未来伸展成有力的形状。','用精美的图片张扬自然的力量，用*传神的文字解读中彷徨。《图说天下·学生版》帮我们入了沉甸甸的书包，以*轻松的姿态来阅读这个世界。透过图书让视野扩容，在这里，或绘制或拍摄图片异彩纷呈，或知识或故事的文字娓娓道来，就这样缩短时与空的距离，让昨天、今天与明天衔接成一条光滑的弧线——我们在成长。','张飞飞<br/>从事幼儿教育工作多年,有过大量童书的策划与编写经验，出版过低幼儿童科普及绘本类图书百余本，深受众多小读者及家长信赖',0,'2018-01-28 00:00:00',1),(1002,'情境认知小百科','(法)埃尔莎·富基耶 ','安徽教育出版社',68,29,'products/book1002.jpg','用简单有趣的故事、如身临其境的场景、“找一找”视觉游戏引领孩子在玩乐中认识身边世界 故事＋游戏＋认知＋中英双语，11个环境，100多个场景，400多个物品，多种读法，多重功能，引领宝宝在玩耍中认识世界、发现惊喜。','《情境认知小百科》共11册，涵盖了孩子日常生活中的11个情境：《交通工具篇》《丛林篇》《幼儿园篇》《公园篇》《家庭篇》《农场篇》《圣诞篇》《动物园篇》《海滩篇》《树林篇》《晚安篇》。故事生动亲切，图画活泼可爱，认知图文简明清晰，物品名称中英对照，装帧形式小巧便携，是具有多重功能的趣味认知书。','[法]埃尔莎·福基耶尔<br/>《森林动物》作者。法国著名儿童插画师，有着独特的视角，用画笔表达着自己，获得诸多好评。作品还有《小提琴》《小小健身房的节奏》等等。',1,'2016-01-01 00:00:00',1),(1003,'小斑马去吃草','(日)奥原梦','连环画出版社',29,21,'products/book1003.jpg','讲谈社出版文化奖绘本奖获奖作品。让宝宝爱上吃，享受吃，体会吃的愉悦，养成健康饮食好习惯 ','斑马们充实的一天，早、中、晚，每天都在吃草。有时候把自己想象成草，唱着草之歌；有时候沐浴着阳光，享受着妈妈带着青草香味儿的甜甜的吻。生活单纯而又充实，画面柔和，充满温情，阳光与青草构成了小斑马美丽的世界。是一本捧在手心，让人心情舒畅的绘本。','[日]奥原梦<br/>1977年出生于日本兵库县，日本调理师辻学园专科学校毕业。作品曾获MOE绘本杂志插图大奖、年度最高奖佳作奖，太阳公公大奖优秀奖等。《小斑马去吃草》获第四十一届讲谈社出版文化奖绘本奖。绘本作品有《鳄鱼奶奶》《圆滚滚的猫》《小雀的脚印》等。',0,'2015-06-01 00:00:00',1),(1004,'圆圆和点点的家 ','(日)佐佐木洋子','21世纪出版社',26,20,'products/book1004.jpg','《小熊宝宝》作者佐佐木洋子的作品！柔美的画面辅以温馨的故事，讲述爱的邂逅、家的温暖、宝宝成长中的迷茫和欢乐。蒲蒲兰绘本馆','圆圆和点点不再是小宝宝了，他们在室外有了新家。他们爱自己的新家，不让小麻雀、小猫们以及其他小狗靠近他们的家。但是到了夜晚睡觉的时候，他们好孤独好寂寞啊。他们叫来了小动物们，大家一起挤在新家睡觉，这下很温暖、不寂寞了。','[日]佐木洋子:<br/>1952年生于日本青森县。5岁来到东京，并定居至今。她从小擅长绘画，后进入女子美术大学学习美术设计，毕业后进入索尼公司从事电脑设计, 起初设计贺卡以及时尚文具等。之后成为自由插画家，工作涉及广告、形象设计、宣传等广泛领域。<br/>她的主要作品还有《baba baba 快快快》、《食物》和“奇异森林系列”等。<br/>这本《圆圆和点点的家》是继《小毯子哪儿去了？》之后，她的低幼绘本作品。',1,'2012-12-01 00:00:00',1),(1005,'启蒙认知100词','(美)罗杰·普利迪','北京联合出版公司',35,26,'products/book1005.jpg','2015年度美国童书畅销总榜第4名，连续畅销超过10年，总超量超过500万册；中英双语启蒙认知，既训练语言能力、认知能力，还训练手指灵活度；柔软的海绵封面及圆角设计，不会划伤宝宝的身体','1.写真图片，简单易懂。<br/>全书汇集了100张实物图片，内容是宝宝平常所接触到的用品、玩具、动物和食物等，简单易懂，便于宝宝认知；<br/>2.分类列举，开发智能。<br/>家长和宝宝共同阅读时，可以有意识地培养宝宝分类、列举和联想能力，比如让宝宝列举5种水果、5种动物、5种交通工具，初步形成认知体系和知识结构。<br/>3.学玩结合，锻炼肢体。<br/>本书为宝宝量身定制，大小适中，一岁的宝宝就能完美掌控。这既是一个玩具，又是一本有趣的学习书。<br/>','[美]罗杰·普利迪<br/>16岁离开学校，前往英国伯克郡艺术设计学院接受插画培训。第一份工作是和厄斯本出版社的负责人一起从事童书出版，随后又和DK出版社的负责人彼得·金德斯利合作了16年，后来成为该社童书部门的创意总监。在DK出版社收购Funfax后，罗杰成为大众童书出版社的董事。2000年，他开始为婴儿设计多元智能图书，至今已出版童书200多种，在全球销量超过6500万册。',1,'2012-12-01 00:00:00',1),(1006,'草房子 ','曹文轩','天天出版社',25,21,'products/book1006.jpg','“国际安徒生奖”，该奖项被誉为小诺贝尔文学奖/热评已超过3.7万条，儿童文学收藏佳品）------曹文轩继《穿堂风》后的全新力作《蝙蝠香》震撼上市！','男孩桑桑在油麻地小学度过了六年刻骨铭心、终身难忘的校园生活，亲眼目睹或直接演绎了一连串看似寻常但又催人泪下、震撼人心的故事：少男少女之间纯洁无瑕的情意，不幸少年与厄运相拼时的悲怆与优雅，残疾男孩对尊严的执著坚守，在死亡体验中对生命的深切而优美的领悟，垂暮老人在人生的*后瞬间闪耀出的人格光辉，大人们之间扑朔迷离且又充满诗情画意的情感纠葛……这一切，清楚而又朦胧地展现在少年桑桑的世界里。','曹文轩<br/>江苏盐城人。中国作家协会全国委员会委员，北京市作家协会副主席，北京大学教授、博士生导师。<br/> 主要文学作品集有《忧郁的田园》《红葫芦》《追随永恒》《甜橙树》等。长篇小说有《山羊不吃天堂草》《草房子》《红瓦》《根鸟》《细米》《青铜葵花》《天瓢》以及“大王书”系列、“我的儿子皮卡”系列和“丁丁当当”系列等。<br/>主要学术著作有《中国八十年代文学现象研究》《第二世界——对文学艺术的哲学解释》《二十世纪末中国文学现象研究》《小说门》等。',1,'2015-03-01 00:00:00',2),(1007,'歪兔兔的一天','歪歪兔项目组','海豚出版社 ',38,26,'products/book1007.jpg','轻松搞定宝宝各种小脾气。如何克服任性执拗、拖拉磨蹭、依赖黏人、凌乱无序，克服抵触与暴躁，化解冲突与嫉妒……消除逆反，健康成长。系统的2-5岁幼儿逆反期教育主题绘本故事','帮助2-5岁孩子化解逆反心理和行为，顺利度过*逆反期，是本套图画书的主题。该书以逆反期孩子8大类突出的逆反期行为表现为主题，透过逆反现象，挖掘心理根源，找到解决办法，帮助孩子克服任性执拗、拖拉磨蹭、依赖黏人、凌乱无序，克服抵触与暴躁，化解冲突与嫉妒……','歪歪兔<br/>中国家庭早教产品和情商教育领导品牌，专业从事0-12岁儿童关键期成长产品（童书、动画等）的研发与创作。入选《2015中国教育出版蓝皮书》知名民营低幼教育出版品牌。<br/>歪歪兔将现代教育理念和发展心理学研究成果，与多年积累的海量一线数据相结合，不断推出成长型产品，打造乐观活泼的“歪歪兔”品牌形象。<br/>作为原创童书中的知名品牌，歪歪兔先后出版的儿童全情商教育绘本、高能力养成童书累计销量突破4000万册，且多套童书长期位列权威图书榜单前列。',1,'2014-03-01 00:00:00',2),(1008,'幼儿园的一天','(法)萨米尔瑟努斯','北京科学技术出版社',39,29,'products/book1008.jpg','《充满童趣的幼儿园入学准备绘本，让动物宝宝们的幽默演绎帮助孩子轻松了解幼儿园。','想象一下，如果动物宝宝们也上幼儿园，会发生怎样千奇百怪的趣事呢？蜗牛宝宝拖拖拉拉，*宝宝不爱吃菠菜，萤火虫宝宝从来不肯睡午觉，鳄鱼宝宝流下了真心的眼泪，因为好想妈妈！……','[法]萨米尔瑟努斯<br/>萨米尔瑟努斯出生在巴黎附近的郊区。他最初研究的是文学和历史，童书创作只是他的兴趣爱好。2011年，他的作品首次获得了法国科普童书奖，自此，他开始全心投入了童书的创作中。',1,'2014-03-01 00:00:00',3),(1009,'阶梯数学','朱慧兰','北京科学技术出版社',70,53,'products/book1009.jpg','阶梯式学习，系统、全面开发孩子数学潜能，当当网10年热销百万册，数学知识与生活实践紧密结合，一套书搞定幼儿园和幼小衔接数学','第1阶：熟悉整体和部分的概念，通过比较大小、长度、宽度数量等概念学习等号和不等号的用法。第2阶：正确数出和表现20以内的数字，进行简单的加法和减法的练习。熟悉1元、5角、1角、5分等基本面值的货币单位。第3阶：复习20以内的数字，以20~50为重点，学习50以内的数字的数法、读法、写法。通过比较数的大小练习等号和不等号的用法','暂无作者简介',1,'2015-07-01 00:00:00',3),(1010,'我的大画本','(英)乔斯夫托普森','陕西人民教育出版社',86,73,'products/book1010.jpg','3-6岁 儿童版“秘密花园” 尤斯伯恩美术启蒙经典 英国畅销的儿童创作涂色书 ，想象力、色彩感、创造力，分步绘画，七天会画百种事物 乐乐趣绘本阅读','大画本Ⅰ：涂色画线条<br/>线条与色彩是美术绘画的基础，《我的大画本》也由此开始带孩子进入美术的殿堂。<br/>大画本Ⅱ：分步教你画<br/>不会画没关系《我的大画本》来教你，分步绘画教学，轻松学会简笔画，宝宝们要认真学哦！<br/>大画本Ⅲ：创想情景画 <br/>用纸笔释放孩子的艺术创造力，不仅是创造力的开发，更是启智的重要过程。','乐乐趣童书<br/>国内立体书行业的领军品牌，和世界各大知名品牌深入合作，为中国孩子构建一个快乐阅读的成长理念和空间，童书制作精良，形式多样，内容涵盖0-14岁儿童阅读主题，全方位满足孩子在各年龄段对感官刺激、语言发展、社会成长、科学启蒙、情商培养、动手能力、审美熏陶等多方面的需求。代表书系列《看里面》《奇妙洞洞书》《趣味科普立体书》《喵喵和吱吱》等。',1,'2015-07-01 00:00:00',3),(1011,'托马斯和朋友宝宝睡前故事','HIT公司','人民邮电出版社',85,66,'products/book1011.jpg','10余年历史的英国学前教育品牌，畅销中外超2亿册的托马斯系列，送给0~3岁孩子的睡前故事书。30个故事+30个性格迥异的主角+30种好品质+30次成长体验。插图明快细腻，文字简练上口，小开本、圆角安全','托马斯、爱德华、亨利、高登、詹姆士、培西……主动、自信、乐观、谦虚、稳重、守信……一套图书，30个小火车故事，30种让孩子受益终生的好品质，30个小火车朋友！<br>用简单易懂的小火车的故事让亲子时光更温暖，更高质量。让每晚的睡前时光变得无比美好！内附贴纸，动手又动脑。图书磨圆角，呵护宝宝小手。<br> ','一个爸爸的独特视角，带给孩子成长的最佳伙伴<br/>英国学前冠军品牌，日本、美国、澳大利亚畅销品牌，动画片被翻译成45种语言，在全球150个国家播放，音像制品销量超过5千万，图书销量超过2亿册，官网每月平均点击率超过3千万次！<br/> “托马斯和朋友”何以受到如此青睐呢？憨厚可爱的火车头，是男孩们的最爱；永恒的价值观——做个真正有用的人，是爸爸妈妈的最爱；快乐有趣的故事，是所有人的最爱。不过，在这个由爸爸创造的世界里，责任感、幽默感、安全感才是最吸引人的。',1,'2016-01-01 00:00:00',4),(1012,'小猪佩奇系列','文圣教育','浙江少年儿童出版社',121,88,'products/book1012.jpg','精选全新故事，英国官方授权，正版引进，绿色环保石头纸印刷，防水耐撕，排版活泼，符合宝贝阅读特点，正面教养孩子终生受益 正能量父母轻松快乐育儿 ','一、 10个幼儿的必备好习惯包括：<br>不挑食，不偏食；玩完玩具及时整理；喜欢运动和户外活动；细嚼慢咽的饮食习惯；按时睡觉；遵守公共规则；细心，不丢三落四；不腼腆，善于表达；懂得保护自己，有一定的安全意识；借东西要及时归还。<br>二、 浓缩科学教育理念<br>每个故事都提炼于动画中传达出的教育理念，结合英国的学前教育理论，针对三四岁的孩子应该养成的好习惯，从正面的角度加以积极引导。不说教，不讲道理，在欢乐的氛围中，将“好习惯”的概念植入孩子的心中。','文圣教育是一家专业的儿童图书制作机构，集儿童图书选题策划、编辑、设计制作等业务于一体，积极倡导科学、先进的教育理念，为中国家庭提供最优秀的儿童读物。经过全体同仁多年来不懈地努力，以及合作伙伴的大力支持，公司已经出版发行一批高标准、高品质的儿童图书。',1,'2015-07-01 00:00:00',5),(1013,'没头脑和不高兴','任溶溶','南方出版社',25,16,'products/book1013.jpg','没头脑做什么都打个折扣，不高兴总是任着自己的性子来，这俩活宝真是让人笑破了肚皮。任溶溶担纲动画编剧，构思巧妙，寓教于乐，简单的笔触，不简单的道理。上海美影厂授权出版，好习惯要从小养成，拼音认读，画面精 ','“没头脑”记什么都打个折扣，糊里糊涂的造了999层的少年宫，却把电梯给忘了；“不高兴”任着自己的性子来，上台演《武松打虎》里的老虎，他不高兴了，武松怎么也“打不死”老虎。这两个形象生动的角色和生动的笑话让几代读者笑破了肚皮。','任溶溶<br/>原名任以奇，祖籍广东鹤山，1923年生于上海。著名儿童文学作家、翻译家。主要作品有《没头脑和不高兴》、《土土的故事》、《我是一个可大可小的人》等。主要译作有《安徒生童话全集》、《木偶奇遇记》、《长袜子皮皮》、《普希金童话诗》等，曾获国际安徒生翻译奖。',0,'2017-05-01 00:00:00',5),(1014,'帕丁顿熊经典电影小说','(英)珍妮·威利斯','湖南少年儿童出版社',50,39,'products/book1014.jpg','帕丁顿熊60周年纪念版经典电影小说，官方授权指定合作版，英国文化教育协会中国区主任倾情推荐。跟着英国经典儿童文学形象帕丁顿熊，学会宽容与礼让，传递善良与友爱。你给世界一个微笑，世界还你一个熊抱。','《帕丁顿熊》讲述了在神秘的秘鲁，生活着一种稀有的果酱熊，他们拥有堪比人类的智商和语言能力。很多年前，来自伦敦的探险家与果酱熊夫妇结下深厚的友谊。后来，一场突如其来的灾难打破了果酱熊安宁的生活，露西婶婶不得不将调皮的侄子送上一艘开往伦敦的邮轮。举目无亲的小熊来到帕丁顿火车站，踏上一场惊心动魄的冒险之旅……','[英]珍妮•威利斯<br/>英国著名童书作家，曾获英国童书大奖凯特格林纳威奖提名、红房子奖提名、白熊奖提名、谢菲尔德奖、聪明豆奖、唐纳森特别贡献奖、怀特布莱德奖等。创作过150多本绘本，代表作有畅销书《嘿，站住！》《床底下的怪物》《我讨厌上学》等。她有十分丰富的创作和改写影视作品剧本的经验。',1,'2017-05-01 00:00:00',5),(1015,'十万个为什么','蜗牛爸爸','煤炭工业出版社',122,71,'products/book1015.jpg','专为6-12 岁小学生量身打造；全文注音，排除独立阅读困难； 根据近万份问卷精心选录 分类更科学，知识更全面； 父母信得过的科普好书；精致大开本，图片精美，内容丰富； 问题贴近生活，语言妙趣','全书总共500多个小问答，每一卷的60多个小问答又根据内容需要分为四个大类，帮助小朋友更系统地了解科普知识。新的问题切入点，详细的知识解答，引导性的问答，补充性知识贴士，有助理解的绚丽插画，帮助小朋友增长知识、促进主动学习，同时培养孩子思考与解决问题的能力。','蜗牛爸爸<br/>蜗牛爸爸工作室由一批国内优秀的童书作者、插画师共同营造，多年来专注于0-15岁少儿图书的选题策划与制作工作。出品的童书及绘本已成为千千万万孩子们的忠实伙伴。',1,'2014-01-01 00:00:00',6),(1016,'科学全知道','兰·马努斯基','晨光出版社',188,122,'products/book1016.jpg','美国图书馆协会力荐！完美融入“授之以鱼不如授之以渔”的先进教育理念，以风趣的故事形式带领孩子体验科学的方方面面，播下“会探索、爱发现”的种子，在真切的指导中获得多项能力的提升!','“科学全知道”科普丛书分为“动手验证想法篇”、“让方法来帮忙篇”、“动脑解决问题篇”三个系列，每个系列10册，共30册。每册都讲述了一个有趣的故事，读起来很轻松，甚至不会让小读者感到他们是在学习科学。故事里的小男孩或小女孩都有自己要面对的问题，他们用一系列科学的方式最终一一解决。','暂无作者简介',1,'2013-01-01 00:00:00',6),(1017,'地球全史','(日)清川昌一','南海出版公司',87,65,'products/book1017.jpg','历时15年，足迹遍及全球40多个国家，行程3万公里，用100幅珍贵照片，讲述地球46 亿年的历史。共同欣赏奇特壮观的绝地美景，感受大自然的神奇力量。','本书精选了上百幅来自世界各地、具有代表性的地质照片，按照地球地质演化的历程，解读了各个地质年代的特征和重大事件，描绘出气候更迭、海陆变迁、生物进化等一系列历史进程。睁大双眼，一起欣赏这些难以涉足的绝地美景，感受大自然的神奇力量。','[日]清川昌一<br/>日本九州大学研究生院理学研究院副教授。生于1963年，筑波大学理工学研究科硕士，东京大学理学系研究科地质学博士，专业为地质学。著有《地球行星科学13：地球进化论》',1,'2015-11-01 00:00:00',6),(2001,'我们一无所有','(美)安东尼·马拉','江苏凤凰文艺出版社',45,31,'products/book2001.jpg','只有回忆是真实的遗产，一部堪比米兰·昆德拉《笑忘书》的伟大作品，用厚重而文艺的笔触控诉时代的罪恶。震撼西方文坛，29个各类书单奖项，19国出版，40余家媒体重点关注，Goodreads万人好评。','一幅名为“午后空旷的牧野”的油画和一位肖像画家，一位传奇芭蕾女伶和她的曾孙女，一位失明的文物修护师，一位金盆洗手的帮派份子，一位在因地雷爆炸痛失妻儿的鳏夫，还有一位在战争中葬身在画中同一片牧野上的士兵……<br/>有多少人的生命，会因为一幅画而改变？在破碎而悲怆的生命最后一刻，要怎么说，我们曾经拥有过一切。','[美]安东尼·马拉<br/>.纽约时报畅销书作家，美国爱荷华大学作家工作坊艺术硕士，荣获斯坦福大学“华莱士·斯特格纳奖学金”，并在斯坦福大学教授小说创作。曾荣获《大西洋月刊》征文首奖、入围美国国家图书奖候选名单，荣获全美书评人协会特设的约翰·伦纳德奖、阿尼斯菲尔德—伍尔夫虚构类图书奖等。他的作品出现在二十个年终优秀图书的榜单中，并已在十九个国家出版。',1,'2018-01-01 00:00:00',7),(2002,'人民的名义','周梅森','北京十月文艺出版社',46,41,'products/book2002.jpg','根据本书改编而成的同名电视剧正在热播，由陆毅、张丰毅等40余名实力戏骨联袂出演！著名作家周梅森潜心八年、六易其稿，一部反腐高压下中国政治和官场生态的长幅画卷。','《人民的名义》：一位国家部委的项目处长被人举报受贿千万，当最高人民检察院反贪总局侦查处处长侯亮平前来搜查时，看到的却是一位长相憨厚、衣着朴素的“老农民”在简陋破败的旧房里吃炸酱面。当这位腐败分子的面具被撕开的同时，与之案件牵连甚紧的H省京州市副市长丁义珍，却在一位神秘人物的暗中相助下，以反侦察手段逃脱法网，流亡海外。。','周梅森<br/>1956年出生，江苏徐州人。中国作家协会第七、八、九届全国委员会委员、主席团委员，江苏省作家协会副主席，专业作家。出版有《周梅森文集》（十二卷）、《周梅森政治小说读本》（三卷）、《周梅森读本》（七卷）、《周梅森反腐经典小说》（六卷）、及《梦想与疯狂》《黑坟》《天下大势》等长、中篇小说多种。曾多次荣获全国“五个一工程”奖、国家图书奖、全国优秀畅销书奖、全国优秀中篇小说奖、中国电视飞天奖、中国电视金鹰奖、全国优秀编剧奖。',1,'2017-01-01 00:00:00',7),(2003,'呼啸山庄','(英)艾米莉·勃朗特','作家出版社',32,24,'products/book2003.jpg','19 世纪英国文学代表作。这是一部关于爱和恨、关于背叛和复仇的史诗级著作。如同一首浪漫奇异的抒情诗，充满狂风暴雨般的浓烈情感。','吉卜赛弃儿希思克利夫被呼啸山庄的主人恩肖先生收养后，与其女凯瑟琳相互爱慕，并且反抗其子亨得利的专横暴虐。凯瑟琳因为和希思克利夫社会地位的悬殊以及自己的虚荣心，与画眉山庄的主人埃德加结婚。希斯克利夫愤而出走，三年后致富回乡，发现凯瑟琳已嫁埃德加，便对夺走他爱情与幸福的人进行残酷的报复，通过赌博夺走了亨得利的家财，使其儿子哈里顿成为奴仆，还故意娶了埃德加的妹妹伊莎贝拉进行迫害。希思克利夫的复仇虽然成功了，但他并未从中获得幸福。','[英]艾米莉勃朗特<br/>英国作家、诗人，世界文坛著名的“勃朗特三姐妹”之一。三姐妹从小受到父亲的影响，富有正义感且热爱读书。1847年，三姐妹的小说《简爱》《呼啸山庄》《艾格尼丝格雷》相继出版，然而只有《简爱》获得了成功，受到了当时文坛的重视。《呼啸山庄》并不为当时的读者所理解，其价值在后来才被发现，奠定了在世界文学史上的地位，艾米莉勃朗特也被公认为一位天才型的女作家。',1,'2015-08-01 00:00:00',7),(2004,'人类决裂','(英)约翰·斯卡尔齐 ','江苏凤凰文艺出版社',58,44,'products/book2004.jpg','21世纪美国重磅科幻小说系列！美国当红科幻作家所著！3次获得雨果奖，9次入围！只有团结在一起，我们才能战胜全宇宙的黑暗！','未来的宇宙，弱肉强食，危机四伏。随着宇宙殖民的版图不断扩张，人类与外星势力间的冲突不断升级，战争一触即发。<br/>一场意外让威尔逊中尉和助手哈特临危受命，开始执行机密任务。随着任务的深入，他们逐渐觉察到了一场针对人类的星际阴谋。只凭一己之力，他们将无法阻止即将爆发的战争……<br/>只有团结在一起，我们才能战胜全宇宙的黑暗！','[英]约翰•斯卡尔齐<br/>美国当红科幻作家，美国科幻与奇幻作家协会前会长。曾3次获得雨果奖，9次入围。2013年，他凭借《星际迷航：红衫》斩获雨果奖、轨迹奖两项大奖，几乎包揽了当年所有科幻小说重要奖项。<br/>《人类决裂》是斯卡尔齐“老人的战争”系列中继《老人的战争》《幽灵舰队》《消失的殖民星球》《佐伊的战争》之后的第五部作品。该系列作品均为21世纪美国重磅科幻小说，多次获得各类大奖。',1,'2018-01-01 00:00:00',7),(2005,'三体','刘慈欣','重庆出版社',74,53,'products/book2005.jpg','《三体》的幻想源于经典物理中的三体问题，即三个体积质量相当的天体，在远离其它星系以致其它星系的引力影响可忽略不计的情况下，三个天体在互相引力的作用下互相围绕运行，其运行轨迹将产生不可预测的混沌。。。','文化大革命如火如荼进行的同时，军方探寻外星文明的绝秘计划“红岸工程”取得了突破性进展。但在按下发射键的那一刻，历经劫难的叶文洁没有意识到，她彻底改变了人类的命运。<br/>地球文明向宇宙发出的第一声啼鸣，以太阳为中心，以光速向宇宙深处飞驰……','刘慈欣<br/>中国作家富豪榜上榜作家，中国科普作家协会会员，山西省作家协会会员，中国科幻小说的最主要代表作家，被誉为中国科幻的领军人物。自上世纪九十年代开始发表科幻作品，曾于1999年至2006年连续八年获得中国科幻银河奖。他的科幻小说成功地将空灵和厚重的现实结合起来，同时注重表现科学的内涵和美感，兼具人文的思考与关怀，努力创造出一种具有中国特色的科幻文学样式。。',1,'2010-11-01 00:00:00',7),(2006,'老人与海','(美)欧内斯特·海明威','知识出版社',34,22,'products/book2006.jpg','影响历史的百部经典之一,美国历史上里程碑式的32本书之一,1953年获普利策奖,1954年获诺贝尔文学奖,1986年法国《读书》杂志推荐的理想藏书','《老人与海》故事的背景发生在在二十世纪中叶的古巴。主人公是一位名叫圣地亚哥的老渔夫，配角是一个叫马诺林的小男孩。风烛残年的老渔夫一连八十四天都没有钓到一条鱼，但他仍不肯认输，而是充满着奋斗的精神，终于在第八十五天钓到一条身长十八尺，体重一千五百磅的大马林鱼。大鱼拖着船往海里走，老人依然死拉着不放，即使没有水，没有食物，没有武器，没有助手，左手抽筋，他也丝毫不灰心……','欧内斯特•海明威（Ernest Hemingway），l899～1961，美国著名小说家和记者。代表作有《老人与海》、《太阳照样升起》、《永别了，武器》、《丧钟为谁而鸣》等，凭借《老人与海》获得1953年普利策奖及1954年诺贝尔文学奖。海明威被誉为美利坚民族的精神丰碑，并且是“新闻体”小说的创始人，对美国文学及20世纪文学的发展有极深远的影响。',1,'2014-11-01 00:00:00',8),(2007,'海底两万里','(法)儒勒·凡尔纳','湖南文艺出版社',36,23,'products/book2007.jpg','凡尔纳“海洋三部曲”第二部——《海底两万里》，十九世纪悬疑小说与冒险小说，学识与想象力的尽善尽美之作。本书为科幻小说经典，充满自由与孤独的深海之旅。','由凡尔纳编著的《海底两万里》内容介绍：故事发生在十几世纪末，海面上出现了一只神秘的怪物，它频频袭击各国海轮，在全世界闹得沸沸扬扬。“我”作为一名生物学家，接到美国海军部的邀清，登上了一艘驱逐舰，参与“把怪物从海洋中清除出去”的行动。孰料行动刚一开始，我和伙伴就成为怪物的俘虏，随即被迫开始了一段历尽艰险、生死未卜的海底旅行……一起随《海底两万里》来冒险吧！','儒勒·凡尔纳 1828年生于法国一个热爱大海的家庭。年幼时他就曾试图跑去做海员，但动身前被家人发现，于是才回头继续学业。随后家人送他去巴黎读法律，但一到那儿，他就爱上了戏剧。很快他就开始写剧本，但接着他的父亲就宣布如果他不学法律，就不再给他提供生活费。儒勒拒绝了，不得不靠出售自己的作品来维持生计。在写作中，他把自己的写作天才和他对科学新发现的兴趣结合起来。他花了很多时间在巴黎图书馆学习科学。',1,'2010-01-01 00:00:00',8),(2008,'极简摄影入门','杨品','化学工业出版社',99,69,'products/book2008.jpg','摄影初学者的摄影入门教程，快速学会相机设置、附件使用以及摄影构图、用光技法.针对摄影初学者，本书围绕着“极简”这一核心主题编写，循序渐进地引导摄影初学者掌握摄影的诀窍，让没有任何摄影基础的读者也可以通过本书轻松入门。','本书内容包括摄影器材的选择与初上手的设置，好照片的标准，核心参数的解读以及对应相机设置，拍出清晰照片的技巧与难点，常见摄影题材的拍摄方法，镜头和摄影附件的使用技巧以及用光、构图等摄影基础知识。本书没有故弄虚玄地讲解所谓高深莫测的摄影理论，力求在一个页面中把一个知识点讲明白、讲清楚，书中有大量的一句话攻略以及摄影初学者*容易提出的问题答疑，真正做到了“通俗易懂、深入浅出、极简入门”。相信通过本书的学习，读者一定会轻松学会摄影，拍出令人满意的好照片。','杨品，光线摄影学院创始人，中文论坛100强之橡树摄影网联合创始人，新媒体艺术专家，曾担任多项全国摄影比赛、选秀活动的特邀评委嘉宾，长期致力于摄影文化的普及。著有《数码单反摄影轻松入门》《摄影的诀窍》《Photoshop数码相片处理技巧大全》等摄影图书，其著作已实现全球总销量突破100万册。',0,'2017-12-01 00:00:00',9),(2009,'设计师的设计日记','南征','电子工业出版社',59,29,'products/book2009.jpg','惜别资深平面设计师南征先生，7天的时间，观察、思考、学会平面设计精髓，善用网格把控设计整体，站酷实力推荐，畅销数十万册远播至海外的设计宝典','《设计师的设计日记》以版式设计为主线，以日记的形式对设计进行了一个由浅入深、理论加实战案例分析的解说和展示。通过一些设计案例的对比，告诉大家怎样得到更美的画面和更好的效果。本书*的特色：书中讲解的都是设计师工作中*为实战的内容，比如在设计过程中如何分析、如何设计每个元素、如何形成完整的设计方案等，并附大量设计经验进行讲述。','南征，资深品牌设计师、设计师培训特邀咨询顾问、作家。现任法门寺景区文化产业集团《法门》杂志Designdirector（设计总监）为法门寺景区文化产业集团、法门寺慈善基金会做过多场关于宗教视觉中设计理念的指导讲座。天弓文化传播有限公司名誉Designdirector（设计总监）。其设计作品涵盖logo、企业识别系统、画册、网页、展览展示等领域。',1,'2012-05-05 00:00:00',9),(2010,'零ZEЯRO:世界符号大全','(日)松田行正','中信出版社',99,59,'products/book2010.jpg','日本鬼才书籍设计师松田行正作品。符号，人类文明的开端。书籍设计专家松田行正心血之作，121种符号与密码完整呈现。超越你想象力的极限，感受符号的美丽与神秘。附赠精美别册，寻找线索，解开神秘代码。','自从石器时代的几个尼安德特人用附近找到的红色沙土在自己居住的洞穴岩壁上涂鸦起，人类已经伴随着各种符号度过了4万余年的历史。文字、记号、暗号、密码、代码、文字、图形、纹饰……这些符号对人类来说有各自的意义和功能，它们的共同点在于：它们神秘且美丽！松田行正——设计师·作家·出版人·电吉他手，一个书籍设计和出版的怪才，将121种符号和它们的故事呈现至此。','(日)松田行正，设计师、作家、出版人、电吉他手。日本特立独行的书籍设计界的奇才。设计图书的同时，他经营了一家名为“牛若丸”的小型出版公司，以贯彻“图书是艺术品”这一理念。自1985年起松田行正开始主持牛若丸出版社。牛若丸的特殊之处在于所有的出版物都是由松田行正自著、自编、自己发行，如此这样一年出一到两本书，坚持了20多年，独立出版了20多本书，名扬出版业。',0,'2017-10-01 00:00:00',9),(2011,'诗经','骆玉明','三秦出版社',129,89,'products/book2011.jpg','它不仅是经典，更是一部流传2500多年的唯美诗集。全篇305首，骆玉明解注，随文注音，无障碍阅读。203幅细井徇彩色手绘原稿，230种名物简介。集学术价值、艺术价值于一体，可诵、可赏、易解。','内容简介。关于版本：以《毛诗正义》为底本，辅以其它版本全新精校。收录全305篇。文字部分：生僻字、多音字、假借字即时注音，通畅诵读。复旦大学中文系教授骆玉明解注，每诗题解。注释求简求全，综合历代名家见解而取其优。保留重要异说，提供不同视角的解读。','解注：骆玉明。复旦大学中文系教授、博士生导师。代表作品：《老庄随谈》《世说新语精读》《南北朝文学》《美丽古典》《诗里特别有禅》。撰绘：细井徇，号东阳，日本江户时代儒学家，曾为僧为医。约于十九世纪四十年代组织京都画师，共同编撰绘制《诗经名物图解》。',0,'2018-01-01 00:00:00',8),(2012,'人生若只初相见','梅子黄时雨','百花洲文艺出版社',29,21,'products/book2012.jpg','新增3万字独家番外！畅销5年，感动千万读者的口碑之作。一场有关艳遇的游戏，重新演绎纳兰容若、仓央嘉措、张爱玲、安意如笔下怅惘的爱情。','人生若只如初见，何事秋风悲画扇？这是一场因好奇而开启的恋爱游戏。游戏之初，他本以为自己是高明的猎人，而她是他美丽的猎物。未料反被她捕获，深陷其中，如饮下世间*甜蜜的毒，对她上瘾。她淡然无争，原以为能守住自己的心，决绝离去。蓦然回首，却发现自己早已在他的深情中沦陷，享受一种名为爱着的幸福。她欲拒还迎，他欲罢不能，一场艳遇游戏，成就一段倾城之恋。','梅子黄时雨:原名杨月文，来自浙江嘉兴，知名言情小说作家。2009年出版第一部小说《人生若只初相见》，作品文笔细腻清丽，以情动人，刚一上市便好评如潮，作者也跻身成为当代言情小说畅销作家。之后出版的每一部小说，都成为经典作品，受到广大读者的青睐。2014年推出全新风格大作《遇见，终不能幸免》。',1,'2014-01-01 00:00:00',10),(2013,'费马最终定理','(日)日冲樱皮','百花洲文艺出版社',39,29,'products/book2013.jpg','日本三大图书榜单联名推荐,日版《苏菲的世界》。 跨越时空与梦境，领略从未有过的数学与爱情的化学反应，构思巧妙，充满想象力，将可读性与知识性高度结合。','河西胜仁，27岁，白天在书店当签约职员，晚上在居酒屋打工。一天，胜仁打开了店里一本与费马最终定理有关的书，便对数学史上这一传奇定理产生了浓厚的兴趣，甚至在梦中，他都会回到遥远的过去，和当时的大数学家们一同为论证定理绞尽脑汁……胜仁开始认真思考进大学研究数学。然而他的想法遭到了居酒屋常客香织的反对，为了让香织也能明白数学的无穷魅力，胜仁每晚都会向香织阐述定理。随着时间推移，香织也逐渐被胜仁的热情所感染，她做出了一个惊人的决定……','[日]日冲樱皮，1965年生于日本北海道。京都大学理学部毕业后，先后就职于书店和出版社。有过自由作家的经验后，于1997年成立樱风舍。著有《数学的起源》，目前在每日新闻京都版地方版连载《有趣的数学》。',1,'2017-03-01 00:00:00',10),(2014,'何以笙箫默','顾漫','九州出版社',39,25,'products/book2014.jpg','这个冬季，暮然回首，与之再次相遇，《何以》以更加温馨的面貌出现。近万字的番外、4张精美明信片、浪漫唯美的随书海报是对读者的真心回馈。如果世上有那个人出现过，其他人都会变成将就。我不愿意将就。','还记得与他们初遇在人群熙攘的超市，就像在后记里写的那样，忽然就冒出那样一种感触攫住了我。也许早一步，晚一步，他们不是他们，我不是我，谁知道呢，缘分总是那么玄之又玄。我还记得那是大三的暑假，我在我的老台式机上，一遍遍的写着他们的重逢，写了十几遍，终于我满意了，他们也满意了。我还记得我在学校的机房排队，等不及了，就拿出白纸先把情节记下来，生怕灵感转瞬即逝。我还记得……','顾漫，她说这世上必有一个人，会和她不离不弃宠辱与共，如果现在还没有，那是她没有找到，不够幸运，而不是他不存在……她说，她喜欢晒太阳，喜欢到处乱爬，喜欢悠闲度日，喜欢一切让人温暖感动的东西……她说，她的愿望很伟大，要天下太平，然后，渺小的微不足道的她和父母还有朋友们也很太平……她说，她的目标很渺小，片瓦遮头，每顿有肉，然后抱怨房价好高，幸好自备龟壳，环保便携又牢固……',1,'2017-11-01 00:00:00',10),(2015,'补梦奇异馆：平行世界的另一个你','补梦馆长','百花洲文艺出版社',39,33,'products/book2015.jpg','拥粉百万、神秘博主补梦馆长瑰奇故事集首度震撼出版，35个故事，带你进入35个不同的平行世界，与你一起探索异度空间的故事，在书中，你也可以和霍金一样成为宇宙之王，活在永恒的时间里！','《补梦奇异馆：平行世界的另一个你》是新浪神秘名博主“补梦馆长”的首部脑洞大开的短篇小说故事集。故事取材来自“真实梦境”，作者通过展开丰富的联想，运用大胆的创作力和扎实的写作功底为读者展现了一个又一个虚幻丰满的世界。 “多故事”“多主人公”“多视角”的特点，大大增加了整本书的可读性。作者将现实元素与虚拟元素结合得游刃有余，书中故事充满新奇元素，脑洞大开的同时将“人性”“情感”的主题展现得淋漓尽致。','补梦馆长，95后新锐博主，鬼才作家，新媒体工作者，微博粉丝近百万。平时喜好收集梦境作为创作灵感，是名视睡觉为终身爱好的有志青年。以“zui强脑洞”著称，擅长构思精妙的故事情节，博文一经发表，屡次登上新浪微博热门头条，赢得网友一致追捧。博文累计阅读量突破千万。',1,'2017-10-01 00:00:00',10),(2016,'白鲸记','(法)克利斯多夫·夏布特 ','湖南美术出版社',89,63,'products/book2016.jpg','一个男人对抗一头白鲸的孤独狩猎 一个关于复仇、信念与殉道者的伟大故事 《灯塔》作者夏布特畅销作品 美国经典文学《白鲸记》改编图像小说','本漫画根据美国作家赫尔曼•梅尔维尔的小说《白鲸记》改编。水手以实马利和土人好友魁魁格，登上一艘捕鲸船，跟随船长亚哈追捕一头曾咬掉亚哈半条腿的白鲸。他们蕞后终于在太平洋海域遇见了这头白鲸.经过三天的追捕，全船人在和白鲸的战斗中覆灭，只余以实玛利一人，回来跟世人讲述这个故事。','克里斯多夫·夏布特（Christophe Chabouté），1967年生于阿尔萨斯地区，先后就读于安古兰美术学院和斯特拉斯堡美术学院。他因擅长改编文学名著，描绘复杂细腻的人性，被业界誉为“漫画家中的诗人”。作品曾获1999年安古兰国际漫画节“阿尔法艺术大奖”、2002年安古兰国际漫画节“评委特别奖”、2006年RTL广播电台“漫画大奖”、2008年科涅克侦探作品文化节“蕞佳漫画奖”等众多国际奖项。',0,'2018-03-01 00:00:00',11),(2017,'窝在角落好安心','(日)横沟百合','接力出版社',39,29,'products/book2017.jpg','日本新晋漫画家横沟百合新作，《窝在角落好安心》在日本出版三个月卖出30万册,让你在每个孤独的瞬间，都找到属于自己的安心角落','来自北极却非常怕冷的“小白熊”，觉得自己浑身绿色不像真企鹅的小企鹅，被人丢弃后带着淡淡忧伤和自卑情绪的炸猪排及炸虾尾，还有不管遭遇什么挫折内心都充满乐观和希望的小杂草……每个小萌物的身上都有些与众不同的地方，也正是因为这些与众不同，让小萌物们聚到了一起。读者能感受到角落小伙伴们性格中的自怜、自卑，甚至有些许自闭，却乐观地从不放弃追逐希望的美好一面。','[日]横沟百合，日本新晋漫画家，她创作的《窝在角落好安心》在日本出版三个月便卖出30万册，书中的角色也成为日本各大玩具厂商的新宠。',1,'2015-07-01 00:00:00',11),(2018,'爆笑校园逗趣版','朱斌','黑龙江美术出版社',19,13,'products/book2018.jpg','幽默和知识并存！搞笑共智慧齐飞！《爆笑校园逗趣版》将笑料与知识漫画一网打尽！一书双内容，幽默与知识齐拥有。','在《新版爆笑校园逗趣版》里，白吃村娃儿呆头用自己单纯但又比较火星的思维去适应大城市的读书生活，在这个过程中不断发生很多搞笑故事。其中的人物个性活灵活现、笑点层出不穷。作品连载以来以其搞怪的画面、幽默的桥段、轻松的阅读体验，是你的快乐泉源。《新版爆笑校园逗趣版》集合了搞笑有趣的校园日常故事和趣味性十足的“知识漫画”汉字内容，用呆头的引人发笑的四格漫画趣味解读汉字的来源和含义，让人在轻松的氛围下学到有趣的知识。','朱斌。2006年，获得第3届金龙奖漫画金奖；2009年，入选首届中国动漫艺术大展；2010年，获得第7届广州文艺奖；2011年，获得南国书香节备受关注少儿图书奖、腾讯动漫；2012年，呆头入选了“第3届中国十大卡通形象”名单，同年入选国家动漫品牌建设和保护计划动漫品牌类项目；2013年，作品被文化部认定为重点动漫产品，更登上南国书香节第3届年度最受读者关注十大图书榜。',1,'2015-11-01 00:00:00',11),(2019,'世界别为我担心','几米','海豚出版社',40,22,'products/book2019.jpg','几米经典漫画绘本作品 以担心为关键词 你担心和我担心描述了现代人的不安定 无安全感 让我们看看这个世界到底需不需要我们所谓的担心 台湾绘本作家幾米经典作品 本书是几米绘本中非常经典的作品之一 ','关于本书，几米这样说：我从小就是个很会担心的小孩。消防车往家的方向奔去，我就担心失火的是我家。老师说考试有人不及格，我就担心她说的一定是我。朋友约会迟到，我就担心他是不是出车祸了。听了鬼故事，就担心恶鬼上身。我担心的事情真多，但发现真的值得担心的事并不多。倒是我没担过心的事，却突如其来地让人担心不已。','几米，绘本作家，画家。1998年开始创作，著有《听幾米唱歌》《镜子里的小孩》《地下铁》《幸运儿》《微笑的鱼》《向左走向右走》等30多种作品，在中国大陆地区10多年来经久不衰，形成了一场幾米绘本热潮，幾米绘本在大陆拥有数量庞大的稳定读者，并已有美、法、德、希腊、韩、日、泰等国的译本。多部作品改编为音乐剧、电视剧和电影，动画《微笑的鱼》并荣获2006年柏林影展国际评审团特别奖。2007年Discovery“台湾人物志”六位杰出人物之一。',1,'2012-01-01 00:00:00',11),(3001,'情商高，就是说话让你舒服','朱凌,常清','延边大学出版社',38,25,'products/book3001.jpg','7大核心Point，68个说话技巧，教你洞悉人性、说话动听！所谓情商高，就是会说话。不拆台不揭短，不生硬不伤人，让你的每一句话都说得得体又令人舒服，到哪都受欢迎！','《情商高，就是说话让人舒服》<br/>为什么同样的产品，同事提成百万，你却总是卖不出去？——搞不定客户<br/>为什么同事聚餐时唯独不叫你？——职场遭排挤<br/>为什么你斥责下属时，对方总是选择离职？——带不好团队<br/>为什么你的约会邀请女神不接受？——撩妹失败<br/>为什么你一开口朋友就“开躲”，不愿意跟你说话的人越来越多？——出口就伤人<br/>……<br/>归根结底是因为你不懂得好好说话！要怎么说话呢？说到底就是，照顾别人的感受，不让人难堪。','朱 凌</br>智常青企业管理咨询创始人，多家媒体撰稿人，多家企业管理咨询机构及商学院特聘导师。其《组织源动力》、《终端业绩爆破系统》等10余门课程让数千家企业8万余名学员受益。<p></p>常 清 <br/>智常青企业管理咨询导师；组织情商管理专家；零售实战管理专家；企业教育培训体系研究者，被誉为“员工主动流失终结者”.',1,'2016-01-01 00:00:00',12),(3002,'佛系：如何成为一个快乐的人 ','(日)草薙龙瞬','江苏凤凰文艺出版社',39,25,'products/book3002.jpg','荣登博客来畅销榜。风行日本、台湾的“佛系快乐思考法”， 与渡边淳一、松浦弥太郎不谋而合的幸福新主张！佛系不是丧，是三分调侃、七分从容的自我消解；佛系快乐不是消极逃避，是一种管理欲望、平衡情绪的持久能力','人生总与痛苦相伴，烦恼总是如影随形：<br>工作不如意，觉得自己的工作没有价值。<br>厌恶的事、不走运的事接踵而至，令人沮丧。<br>和身旁的人性格不合，在人际交往中倍感压力。<br>内心埋藏着一段无法忘却的沉重往事。<br>因无法准确地表达自己的想法而感到压力。<br>不知道今后的人生该如何活下去，总觉得不安。<br>','[日]草薙龙瞬<br/>佛教僧侣，有“东大名僧”美名，佛教学堂“兴道之里”负责人。<br/>没有宗派、寺庙、家庭的单纯“出家僧侣”。<br/>不实际探讨佛教，以不谈论“属于宗教的佛教”为方针。<br/>思想的基础为“原始佛教”（佛陀所传播的合理的思想与冥想法）。',1,'2018-03-01 00:00:00',12),(3003,'为生命而阅读 ','(美)威尔·施瓦尔贝','江苏凤凰文艺出版社',42,30,'products/book3003.jpg','一本关于如何阅读经典的读书指南。《书单》《出版人周刊》《纽约时报》推荐图书，继《生命*后的读书会》之后，施瓦尔贝又一口碑畅销佳作。26篇经典著作的超高水平解读，温暖文字让生命充盈','在这本书中有26篇阅读故事，翻阅，唤醒让我们激动的那部分，让我们狂热的那部分。献给每一个在生命旅程里默默前行的你：阅读让生命充盈，让我们勇敢有力。<br/>同时读一本书，为什么有的人不断精进，而有的人却只记住了书名？《纽约时报》畅销书作家威尔·施瓦尔贝在他的新书《为生命而阅读》中回答了这个问题。对于威尔·施瓦尔贝来说，阅读是一种重塑自我的方法，也可以了解世界，并找到生活中大大小小问题的答案。','[美]威尔·施瓦尔贝<br/>你好呀！既然你来到了这里，我猜你可能是一个爱书的人。很高兴见到你！<br/>书是我一生中不变的热爱所在。当我年幼的时候，我的母亲给我读书，一直读到了我能自己读的时候，还是喜欢读给我听。我年轻的时候看的那些书让我透过别人的眼睛看到了不同的生命形态<br/>我希望有机会和各位读者见面，听取各种读者的意见。我最喜欢问的问题是一个简单的问题：“你正在读什么书？”',1,'2017-12-01 00:00:00',12),(3004,'高效能人士的情商训练课','王彦 ','现代出版社',42,24,'products/book3004.jpg','一个人的成就，情商占80%，专业技术、智商占20%。 新华网 高情商的人不批评、不指责别人,不抱怨、不埋怨。其实，抱怨和指责都是不良情绪，它们会传染。高情商的人只做有意义的事情，不做没意义的。','本书针对情商对高效学习、办公而写，职场中智商决定是否录用，情商决定是否升迁。通过了解情商的本质，破解其在生活中运用的窍门，让我们从内到外的开发自己的情商，从而在多年积累的智力、教育、经历这三者间获取平衡。','王彦<br/>活跃于出版界的情商训练专家，心理学作家，善察人心、专于情商和心灵励志图书的写作与研究，在报刊上发表过百余篇的文学作品，著有《高效能人士的情商训练课》 等著作。荣获过全国优秀畅销书、中国长城文学奖、泗河文艺创作奖等奖项。<br/>现在人说话做事都讲究效率，但对效率的探讨很多人仅止于琐碎的办公技巧，而没有触及核心——情商。',1,'2015-03-01 00:00:00',12),(3005,'学会表达懂得沟通','凡禹 ','黑龙江教育出版社',36,19,'products/book3005.jpg','不会表达？不会沟通？读过本书，再也没有这回事儿。告别笨嘴拙舌的自己，精彩展现自己内心想法。新鲜新颖有趣有料。用得到的口才训练与实用技巧，教你学会清晰表达与高效沟通','本书作为卡耐基成功学课程的主要教材，力求从今天的现实视角出发，提供给读者关于口才技巧方面的实用性内容，帮助广大的读者点燃心中改变的力量，迈向梦寐以求的成功。众所周知，卡耐基的语言简洁幽默，结合生动具体的事例，具有极强的通俗性和阅读快感。','凡禹，经管学院毕业，长期从事企业团队管理咨询工作，业余善攻哲学、成功学，出版有《不懂管理学就当不好经理》《白手创富》《创业细节全书》等著作。',0,'2017-09-01 00:00:00',12),(3006,'所有失去的都会以另一种方式归来','耿帅','九州出版社',39,29,'products/book3006.jpg','华语畅销，人气作家耿帅，暌违五年，重新归来，独家记忆，1800000次点赞，超5亿次阅读，每3秒钟都有人在书里看到另一个自己。给年轻人爱的正能量和信心，领着失意的你，向过去告别。','《所有失去的都会以另一种方式归来》是励志作家耿帅暌违五年，送给读者最暖心的励志故事，五年时光，独家记忆。他的文字，给年轻人爱的正能量和信心。与你讲述人情冷暖，万水千山。见解独到，治愈励志。换一个城市是不是更快乐、离开现在的工作是不是就会有前途、结束一段关系是不是就幸福了，这些困扰的问题你都会从他的书里找到答案。他用文字来告诉每一个人，所有的困境都是来自内在的心境，单身不可怕，失恋不可怕，可怕的是失去爱的能力。','耿帅，著名作家、畅销书出版人。喜阅读、电影、旅行的典型狮子座。历任多家出版传媒及互联网公司产品总监、市场营销副总裁。',1,'2016-06-01 00:00:00',13),(3007,'你若盛开，清风自来','杨承清','南京出版社',49,89,'products/book3007.jpg','幸福时光四部曲。这是一本启迪心灵的励志类图书，也是一套具有心灵治愈力量的人生悟语，内容充满阳光，启迪心智，讲述成功也阐释失败，让人能够深入其中感受到自我的成长，使读者能够在故事中反思，借此得到心灵的慰藉。','本套书涉及人生修行、心态养成、人生智慧、为人处世等主题，包含梦想、坚持、信仰、快乐等现如今人们非常重视的关键词。结合一些成功人士的经典案例，用故事 哲理的形式来讲述耐人寻味的故事，语言优美流畅，让你在阅读的过程中，感受到人生的真谛。人生最精彩的地方是对自我的不断认识和提高。当你逐渐变成更好的自己时，代表幸福的蝴蝶自然会来到。','杨承清，自由撰稿人，2000年毕业于西南大学汉语言文学专业，一直从事图书编辑工作，喜欢与文字打交道，编辑工作中积累了大量的编辑与写作经验，编撰过心理、财经、历史、人文等方面的书籍，发表作品数百万字，代表作有《精神世界的孤独图景》《大航海时代》《心怀善意，满是美好》等。',1,'2016-08-01 00:00:00',13),(3008,'淡定的人生不寂寞','木木','华文出版社',19,29,'products/book3008.jpg','写给都市夜归人的心灵疗愈经典，淡定的人生不寂寞，一部风靡全国滋润亿万心灵的暖心之作！','人生在世，谁都难免被寂寞所困，不在寂寞中消亡，就在寂寞中爆发。若能学会走出寂寞，把生活调节得有滋有味，那你一定会是个幸福的人。寂寞不能太久，否则就成了多愁善感。偶尔的寂寞会是一剂清醒剂，让你更好地面对喧嚣的尘世。当一个人把寂寞当作人生预约的美丽，怀着淡定从容的心态去面对，也就没有了真正意义上的寂寞了。淡定与从容是一种智慧。佛祖拈花的手指，打动了无数人的心，只有迦叶使者，绽开会心的一笑，笑得那么自然、那么恰到好处，让人领悟到什么是真正的大彻大悟、超凡脱俗','木木，其作品《淡定的人生不寂寞》《淡定的人生不寂寞2》《淡定的人生不寂寞3》《人生要经得起诱惑》，单册累计销售过百万册，深受各界读者好评，至今仍然经久不衰，一直雄踞各大畅销书排行榜前列，媒体评论称：“读懂了淡定，才算懂得了人生”。',1,'2010-11-01 00:00:00',13),(3009,'极简','(美)乔舒亚·贝克尔','天津人民出版社',32,38,'products/book3009.jpg','减少20%的物品，提高80%的生活品质！风靡全球、主流媒体全面倡导的生活方式，现代极简运动最有影响力的倡导者之一乔舒亚·贝克尔（Joshua Becker）倾心力作！','你的生活空间是否总被各种物品填得满满的？地板上堆满了杂物、衣橱里被塞满了东西、抽屉里的东西都快溢出……你会觉得柜子的空间永远不够大……手机里下载了大量的APP，用到的不过几个；衣橱里塞满了衣服，可穿的却只有那么几件；忍不住几分钟就刷一次微信朋友圈，但知心朋友也不过两三个……也许，你根本不需要这些东西。','乔舒亚•贝克尔（Joshua Becker ）是“成为极简主义者”（Becoming Minimalist）网站的创建者和编辑。此网站已激励世界各地数百万人拥有更少的财产，从而发现生活中更伟大的满足。作为现代极简运动最有影响力的倡导人物之一，乔舒亚所讲的是他本国性的，也是国际性的。',1,'2016-11-01 00:00:00',14),(3010,'以幽默的方式过一生 ','琢磨先生','中信出版社',52,39,'products/book3010.jpg','国民幽默大师,四大名著段子鼻祖,琢磨先生作品! 新浪微博300万粉丝!收视如日中天的《郎眼财经》幕后明星!土豪粉丝聚集的《功夫财经》台前大咖!','本书是一个大V，一个四十岁的男人给你提个醒，虽然人性难断但也要以幽默的方式过一生。在自己的世界里孤芳自赏，在别人的世界里随遇而安。人生归纳起来就是两条路，一条是正在行走的这条，用来实践。其余没有选择的路，都用来遗憾。生活，就是在荆棘中穿行。即使被刺伤，亦不改初衷。在这个熙熙攘攘的世界，选择一种安静的生活态度。然后在安静中，选择不慌不忙的坚强。年轻的时候，对人苛刻，时时处处追求完美；多年后才发现，当初不完美的，恰恰是自己。','琢磨先生，原名郭城，财富管理专家，新锐经济学者，一位罕见的能将哲学、心理学和经济学融会贯通的人，被媒体评价为“人性的手术刀，又给人温暖向善的力量。”财经第一媒体平台功夫财经的签约嘉宾，广东卫视《财经郎眼》脱口秀策划人，中山大学客座教授，剧场脱口秀演出策划人，在各地的脱口秀演出巡演一票难求。',1,'2017-06-01 00:00:00',14),(3011,'亲密关系','(加)克里斯多福·孟','湖南文艺出版社',42,28,'products/book3011.jpg','全新修订版，知见领袖克里斯多福·孟新体悟、新观念；华语世界深具影响力身心灵作家张德芬翻译并全力推荐。','这是少数我读过两遍以上的书，我知道我还会再读它，因为生活当中的问题总是层出不穷，而我们又是如此健忘，常常忘了智慧和宝训其实都在我们唾手可得之处。希望阅读本书的读者都能够学习到亲密关系的真谛：当你出发去寻找真爱时，你就踏上了自我追寻的旅程。','克里斯多福·孟是一位在个人及团体教练的领域上有近三十年经验的国际演说家、生命教练和咨商师。他的教学遍及中国、日本、马来西亚、新加坡、美国、加拿大他运用广泛的经验，帮助个体依直觉来引导行动，发现他们自己要找的答案，并体验到活在顺流之中的轻盈，进而达到更好的生活水平。他所创造出的独特的体验性方法，使理论与生活无缝结合。无以数计的体验过他的工作坊和教练课程的人，都对他的慈悲和幽默倍感欣赏。',1,'2015-04-01 00:00:00',15),(3012,'卡耐基人际交往心理学','(美)戴尔·卡耐基','中国国际广播出版社',39,18,'products/book3012.jpg','卡耐基对人性问题的研究成果几乎适用于每一个有正常心理状况的人，具有极为广泛的适用性。这样也决定了他以人性为核心的人际关系学也必然具有极大的适用性。','本书是卡耐基关于人际交往的精辟论述。在书中，大师从人性的根本需要出发，深度剖析了在人际交往中人的内心对交往、交流的期许和渴求，同时在此基础上，对交流双方提出一定要遵守的基本要求和可以运用的一些技巧，引导人们如何去和谐交往、高效交往、长久交往，最终获得成功圆满的交际。本书没有止于深入浅出的理论论述，而是结合大量的相关事例说明，这样让事理更加清晰明了，指导性更强。','卡耐基（Carnegie,D.1888年11月～1955年11月），20世纪最伟大的心灵导师和成功学大师，美国现代成人教育之父，西方现代人际关系教育的奠基人。他出身贫寒，却不畏任何困难和刁难，执意进行人类学研究，后来因著而兴，开创出一片自己的如日中天的事业，撑起了成人教育、心理学家、心灵教父的半边天。他开创出的融演讲、推销、为人处世、智能开发于一体的成人教育模式，让千千万万的人从中受益，无数的人因为他以及他的著作的启迪、帮助走向了成功。',1,'2017-05-01 00:00:00',15),(3013,'幽默沟通学','陈浩','中国华侨出版社',36,22,'products/book3013.jpg','一看就会的幽默口才攻略，一用就灵的幽默表达技巧。实用幽默口才，高效沟通技巧，倍增人格魅力，提升讲话气场。练好幽默力，一语胜千言 ','幽默是一种智慧，是一种聪颖，是一种机敏。幽默是一种才华，一种力量，是一种艺术。幽默是引发喜悦和快乐的源泉，幽默是协调自我和社会关系的灵丹妙药。凡是幽默的人，无不具备一种俯瞰茫茫人世的洞察力。一个风趣幽默、具有出众口才的人，不管是人际沟通、商业谈判、职场演说、还是谈情说爱，都会让人们刮目相看，不管在什么地方都能成为人们所关注的焦点。学会了幽默沟通的方法，我们的人生也会拥有更多的乐趣和成功。','陈浩，中国总裁培训网培训师。国家中小企业银河培训工程注册讲师。国际职业培训师行业协会特约理事。理得管理顾问公司高级顾问。广东鸿极管理顾问公司高级培训师。浙江嘉兴践智管理咨询公司高级培训师。河北世纪慧泉管理顾问公司高级培训师。畅销书《工作就意味着责任》',1,'2013-03-01 00:00:00',15),(3014,'为自己的性格找份工作','裴宇晶 邹家峰','民主与建设出版社',66,42,'products/book3014.jpg','九型人格与职业生涯规划完美融合的创新力作。独创4大方法，帮助读者了解自己的个性与天赋，给自己的性格匹配理想工作。本书实操性强，测试简单精准，对于大学生、职场新人、对未来充满迷惘的职场人，具有不可或缺的指导作用。 ','作者总结十多年研究心得，将九型人格理论和职业生涯规划完美融合，从性格的角度阐述不同个性的人在职场道路上的优势与劣势，旨在帮助人们发现自己天赋和局限，将天赋和工作充分匹配。为了方便读者的理解和使用，书中独创4大方法：1.职业点睛，量身打造晋升建议。2.自助式图表模型，精准带入，自查自助。3.经典案例分析，以事带理，情景再现。4.性格测评，火眼金睛，对号入座。本书讲述的方法注重实操性，如果运用得当，不仅有助于读者的职业生涯规划，甚至对个人一生的成长都有帮助。','裴宇晶。南京大学管理学博士、国际九型人格学会（IEA）认证导师、九芒星九型人格体系创始人、国际认证九型专业教练、国家二级心理咨询师、南京大学职业生涯规划导师、九型测评图表解析技术创始人。 邹家峰。中国社会科学院企业管理专业博士生、九型人格知名研究者和创新者、九芒星九型人格学会发起人之一。专注于九型人格本土化研究与实践，致力于九型人格与现代管理学、教育学、社会学等多学科交叉融合研究。',1,'2017-06-01 00:00:00',16),(3015,'优雅的力量','(美)惠特摩尔','机械工业出版社',56,43,'products/book3015.jpg','知名社交礼仪专家杰奎琳·惠特摩尔巨献，为您详解在职场出类拔萃的秘诀。杰奎琳拥有15年社交礼仪的专业经验，能帮助你掌握一系列技巧，让你更了解自己，更自信从容，更懂得如何真挚诚恳地与别人进行有效沟通。 ','《优雅的力量：让你脱颖而出的4种特质修炼》的重点不在于礼节礼仪，而在于如何建立一种更持久、更有意义的人际关系，以及如何在自己的生活中以人为先。通过学习如何培养四种性格特质：气质、优雅、专业和热情，你就能够推动自己迈向成功。成功就如同目的地之对于旅行一样。本书的目的是使这个旅行，你的旅行成为一个更有计划性、更有意义的一个过程。.职业点睛，量身打造晋升建议。2.自助式图表模型，精准带入，自查自助。3.经典案例分析，以事带理，情景再现。4.性格测评，火眼金睛，对号入座。本书讲述的方法注重实操性，如果运用得当，不','杰奎琳·惠特摩尔，著名礼仪专家，拥有专业认证的演讲家，7月全美电话礼仪月的创始人，美国棕榈滩礼仪学校的创始人兼董事长。杰奎琳经常受到世界各个电台、电视台节目的邀请，接受过美国广播公司、美国有线新闻网络、福克斯新闻频道、全美新闻广播电台等的访问。《纽约时报》、《今日美国》、《华尔街日报》都对她进行过报道。她还做过《魅力》、《丽都》、《嘉人》、《财富》等杂志的专访。 邹家峰。中国社会科学院企业管理专业博士生、九型人格知名研究者和创新者、九芒星九型人格学会发起人之一。专注于九型人格本土化研究与实践，致力于九型人',1,'2013-04-01 00:00:00',16),(4001,'赢在谈判','王珞','天津人民出版社',56,36,'products/book4001.jpg','谈判不仅仅是看破微表情和微动作的的心理博弈，高手还需把握构建双赢的顶层和底层逻辑，还有涉及社会文化的价值取向和制度安排。杨小凯和谢富纪高足检讨多年中西业界咨询经验诚意奉献！ ','《赢在谈判》是一本讲谈判和决策的书。作者王珞尝试着将谈判和决策放在一个非常现实和挑战的背景环境中来剖析，这也是学术界已经开始讨论的话题，比如如何看破谎言迷局、走出囚徒困境、避免心理陷阱、越过道德风险等。在《赢在谈判》中，作者王珞择取某一个角度来深入探讨谈判在实际工作中的应用，其话题涉及广泛，从合同、制度、销售、定价、服务到互动博弈和决策，希望读者能从中受益。.职业点睛，量身打造晋升建议。2.自助式图表模型，精准带入，自查自助。3.经典案例分析，以事带理，情景再现。4.性格测评，火眼金睛，对号入座。本书讲述','王珞，工商管理博士，师从著名经济学家杨小凯和谢富纪，欧洲大学EU商学院和美国威斯康星协和大学交通大学MBA领导力与谈判课程教授。在IBM和德勤工作时期，曾为中信集团，中远集团，上海机场集团，通用汽车，阿斯利康等中外知名企业提供管理咨询服务。他编著的《三维谈判和决策手册》不仅是管理培训教材的创新，也是管理人员的日常工具，深受业界好评。 邹家峰。中国社会科学院企业管理专业博士生、九型人格知名研究者和创新者、九芒星九型人格学会发起人之一。专注于九型人格本土化研究与实践，致力于九型人格与现代管理学、教育学、社会学',0,'2018-03-15 00:00:00',17),(4002,'斯坦福极简经济学','(美)泰勒 ','湖南人民出版社',63,32,'products/book4002.jpg','《斯坦福极简经济学》被评为2015年度经管类好书。斯坦福大学十分受欢迎的经济学教授给你36个经济法则关键词，带你看懂复杂世界的真实运作！  ','公式复杂、术语晦涩的经济学教材，让你望而生畏吗？在凡事有得必有失的世界里，我们如何权衡取舍？斯坦福大学最受欢迎的经济学教授，带你看懂复杂世界的真实运作！从36个经济学关键名词入手，每篇约3000字，用生活实例引入主要原理，解释、分析经济现象，概念清晰，没有经济基础，也能轻松理解。简约不简单，帮助我们认识复杂的世界，在经济社会中，成为一个更聪明、更成熟的参与者。','  [美]提摩西泰勒，斯坦福大学最受欢迎的经济学教授，美国经济协会权威刊物《经济展望杂志》主编，斯坦福大学“杰出教学奖”得主，美国通用教材《经济学原理》作者。',1,'2016-08-01 00:00:00',17),(4003,'情境影响力','(美)萨姆·萨默斯','浙江人民出版社',79,55,'products/book4003.jpg','破解隐藏的环境密码，激活快人一步的决策力。用社会心理学家的另类视角看世界。让你快人一步洞察先机，轻松构建说服高手的认知格局。知名科普达人沉默的马大爷译作，《怪诞行为学》作者丹·艾瑞里力荐。   ','人们在截然不同的情境中，思维和行为也会发生变化，然而大多数人并不清楚，我们受到环境影响的程度比我们以为的要大得多，性格、爱情，还有成功全都高度依赖于情境。《情境影响力》探索了那些影响你生活的隐形力量，它将颠覆你头脑中原有的人性假设，帮助你回答。《情境影响力》一书富有洞见和魅力，具有高度的可读性，是一本内容丰富而且引人入胜的入门读物。作者用幽默风趣的语言为我们带来了出人意料的启示。请记住，情境的力量，足以改变一个人！','[美]萨姆·萨默斯。美国塔夫茨大学的社会心理学教授，其研究被《华盛顿邮报》《洛杉矶时报》等媒体广泛报道。关注人们在不同环境下的思维、交流和行为方式，并用心理学方法研究美国的司法系统。他的教学和演讲睿智风趣，富有激情，深受学生们的喜爱。',0,'2018-03-10 00:00:00',18),(4004,'阿米巴经营','(日)稻盛和夫','中国大百科全书出版社',35,21,'products/book4004.jpg','一本开创了企业经营新天地的奇书！一本在全球畅销了10年的不朽经典！长期雄踞各大经管类图书畅销榜单。稻盛和夫发明并奉行至今的经营理念，深刻影响了马云、张瑞敏、任正非等中国企业家！','阿米巴经营基于牢固的经营哲学和精细的部门独立核算管理，将企业划分为“小集体”，像自由自在的重复进行细胞分裂的阿米巴——以各个阿米巴为核心，自行制订计划，独立核算，持续自主成长，让每一位员工成为主角，全员参与经营，打造激情燃烧的集体，依靠全体智慧和努力完成企业经营目标，实现企业的飞速发展。全球超过500家的企业引进了阿米巴经营模式，业绩得以大幅提升。','稻盛和夫，被誉为日本的“经营之圣、人生之师”，日本企业家兼哲学家第一人。1932年出生于日本鹿儿岛市，毕业于鹿儿岛大学工学部。1959年创办京都陶瓷株式会社（现日本京瓷株式会社）。1984年创立稻盛财团，同年创设“京都奖”，被誉为“亚洲诺贝尔奖”。稻盛和夫曾出版过10多本介绍企业经营理念和人生哲学的图书，《阿米巴经营》是他最重要的代表作。',1,'2018-02-01 00:00:00',18),(4005,'领导力21法则','(美)约翰C.马克斯维尔','文汇出版社',45,33,'products/book4005.jpg','《福布斯》《纽约时报》《商业周刊》《华尔街日报》、美国Amazon经典畅销书！一切组织和个人的荣耀与衰落，都源自领导力！领导力研究领域权威代表作，全球领导力研究大师，约翰·马克斯维尔博士40余年领导力研究集大成之作，全面解开了领导力的秘诀。','《领导力21法则》是全球领导力大师——马克斯维尔博士40年研究的集大成之作。他以21条清晰的法则，彻底讲透了提升领导力的方方面面，将抽象的领导力概念以具象的方式呈现。马克斯维尔博士认为：一切组织和个人的兴衰都源自领导力，而领导力不是一种与生俱来的天赋，它是一种可以学习掌握，并能逐步提升的思维模式，一旦了解其中的秘诀，任何人就能很快拥有领导力。','约翰·马克斯维尔博士，全球最杰出的领导力问题解决专家、深具活力的激励演讲家，超级畅销书《领导力21法则》作者，Guru of World Leadership（世界领导力导师）排名第一。他拥有40年领导经历，50余本畅销著作，影响力遍及全球126个国家，是千万领导者推崇的领导力大师，被誉为领导力发展大师中的大师。每年，他对超过35万人次演讲，并通过研讨会、书籍和视频影响千百万人的生活。',1,'2017-04-01 00:00:00',18),(4006,'量化交易之路','阿布','机械工业出版社',99,75,'products/book4006.jpg','作者在百度互联网证券、百度金融多年从业经验的总结。详解趋势跟踪、统计套利、机器学习等量化技术； Python、NumPy、pandas、可视化和数学等量化工具；量化择时、选股、资金管理、度量等技术 ','本书从对量化交易的正确认识出发，循序渐进地讲解了量化交易所需要了解的各种知识及工具。书中特别穿插了大量的开发技巧与交易技巧，还提供了大量基于真实交易的实例，有很强的实用性。本书偏重于量化技术在实际交易中的应用，读者不需要有深厚的数学功底即可阅读。本书适合所有对量化交易感兴趣的人员阅读，也适合相关院校和培训机构作为量化交易系统课程的教材。阅读本书，建议读者有一定的编程基础。','阿布。曾就职于奇虎360、百度互联网证券、百度金融等互联网型金融公司。有近10年的互联网金融技术从业经验。现作为自由职业者，从事个人量化交易及量化交易的培训工作。擅长中小资金量化交易系统的开发，并为中小型量化私募资金提供技术解决方案与支持。',0,'2017-12-01 00:00:00',19),(4007,'股票魔法师','(美)马克.米勒维尼','电子工业出版社',55,39,'products/book4007.jpg','全美投资冠军Mark Minervini教你使用SEPA策略获超额回报！如何找到潜力股，精确定位买入卖出时机，避开投资陷阱？如何止损？如何战胜人性弱点，把握好投资心理？ 本书包含所有答案！','这是一本相当出色的投资指南！作者是美国最成功的股票交易商，他从30年的职业生涯中总结出来的方法CANSLIM写出来就是这本书！书中阐述了著名的、可以大大提高股票市场收益率的传奇SEPA系统！本书包含股票交易的经验、真谛和具体策略，是一本完美结合股票的基本面分析和技术面分析的实战型书籍：用技术分析找到趋势，用基本面分析验证自己的判断，这种客观的方法能最大限度减少个人情感对投资决策的干扰。','马克.米勒维尼(Mark Minervini)，美国投资冠军，全美最成功的股票交易者之一，浸淫华尔街近30 年。他设立了Minervini Private Access公司，一个在线注册制平台网站，提供实 时SEPA分析。同时，他也设立了Master Trader Program项目，为参与人传授他的投 资理论',0,'2017-05-01 00:00:00',19),(4008,'一个人的电商','许晓辉','电子工业出版社',59,42,'products/book4008.jpg','运营实操，全是干货！“凡客体”亲历者复盘电商运营实务，摸得着，看得见。传统企业转型互联网必读书！徐小平、梁宁作序，雷军、陈年、汪林朋、陈彤、王峰、刘韧、张向东、郝鸿峰、贾鹏雷力荐！','这个时代在经历前所未有的转型甚至颠覆，任何行业都将与互联网无缝融合，成为“互联网 ”。有很多写电商的书，大多都用浓墨重彩阐释互联网转型的必要性，而讲到如何落地实操则浅尝即止，令人心潮澎拜之后不知如何下手。于是有了这本既有方法论，更重视实操细节的书。','许晓辉电商行业资深人士，北大中文系毕业，曾就职金山、雅虎、凡客，2010年创建慢生活品牌初刻。业余喜欢写字，著有《梦想金山》等。',1,'2015-06-01 00:00:00',20),(4009,'我是微商','徐东遥','机械工业出版社',59,36,'products/book4009.jpg','1年销售15万册，中国电子商会联合评选的微商著作。华人微商协会导师、万人迷微商导师首次公开分享自己成长和成功经验，已帮助5000 家企业和数百万人走上微商路','本书是微商领域最具说服力、实战性和技巧性的著作，作者是华人微商协会的核心导师和“万人迷”微商导师，曾帮助超过5000家企业及数百万个人成功走上微商路，本书是他个人成长经历和实战经验的深度总结，为所有想做微商和刚开始做微商的小伙伴们提供了一套系统的方法和大量罕见的技巧。如何生产有吸引力的内容：作者在这个方面独辟蹊径，分享了他是如何开辟了电台音媒体这个蓝海并成功成为“音媒体”第一人','徐东遥 华人微商协会核心导师、万人迷微商导师、世界微商大会特约嘉宾、好望角商学院董事，已帮助超过5000家企业及数百万个人成功走上微商之路。“东遥之声”电台主播，被誉为音媒体第一人、移动互联网第一个卖“声”的人。具有15年网络营销实战经验，是中国优秀的中小企业营销实战落地指导专家，也是优秀的资源整合专家',1,'2015-08-01 00:00:00',20),(4010,'黄金投资','陈晓寒','广东经济出版社有限公司',79,63,'products/book4010.jpg','学会别人亏钱经验，等于掌握赚钱方法；此书献给那些在金融投资路上屡遭挫败，踯躅独行，仍能坚持梦想寻找出路的人们 ','这本书分为上下两部，上部是讲“如何避免亏损”，下部是讲如何“如何快速翻倍”。上部又分为三篇，上篇是讲金银投资知识，中篇是讲当心“平台”陷阱，下篇是讲如何避免亏损。上下部分穿插着教大家如何看盘。对于风险投资而言，首要的当然是严格控制风险，保住本金，因为对投资而言，风险控制是**位，只有把风险控制在账户可以承受的范围之内，稳住大后方，你才能放手去前线厮杀，实现账户快速增长。','陈晓寒，1980年出生，毕业于中山大学法学院，为国家持牌理财师、资深黄金分析师，现任职于广东英皇贵金属有限公司业务部副总裁，在中金财经、东方财富网、金融街、和讯网等多个专业媒体开通财经博客、直播室喊单，深受欢迎。具有多年黄金外汇实盘操作经验，独创高胜率短线交易法则，创办\"**操盘手训练营\"培养了上百名*秀操盘手，带领学员多次创造资金快速翻倍奇迹。信奉\"梦想让人生更美好\"。',0,'2016-01-01 00:00:00',21),(4011,'投资要义','刘诚','人民邮电出版社',65,55,'products/book4011.jpg','和雪球创始人学投资 做聪明的投资者 雪球网百万阅读量专栏作家重磅作品 股票、债券、可转债、期权、分级基金的对冲、轮动 捕捉证券市场风险与收益的不对称 归纳资产配置的三个维度 建立投资体系的三个层级  ','《投资要义》作者将投资体系分为三个层级，首先介绍了系统性机会和系统性风险的识别方法，让读者知道应该什么时间入场、在哪里入场；其次介绍了分散化资产配置的原则，让读者了解入场之后该如何分配资金；末尾介绍了常用的证券投资工具，让读者能够自行计算这些金融资产背后真实的风险与收益状况，认清它们的本质，无需预测未来即能获取稳定的收益。投资要义》以精练、通俗的语言解释了投资中的核心与关键问题，可以使具备一定经验的个人投资者理解投资的要义，掌握锁定风险、放大收益的方法。','刘诚。北京木愚投资管理有限公司总经理。雪球网专栏作者 《证券市场周刊》特约作者 。具有十几年投资经验，对于证券市场的收益、风险特征及其不对称性有深刻见解，认为“建立完善的投资体系，掌握丰富的投资工具。',0,'2016-01-01 00:00:00',21),(4012,'全面预算管理','温兆文','机械工业出版社',59,42,'products/book4012.jpg','世界500强财务总监的预算真经，以幽默生动的故事 全面预算实操过程 一以贯之的模拟案例全情展现。财务名家：杨良、秦中艮、孟焰、贾绍军一致推荐的管理会计图书。让领导重视，让员工配合，用一套上承战略、下接绩效的预算，驱动企业全员奔跑！ ','为了解决预算的症结，本书作者以自己多年世界500强企业的预算实践出发，结合对国内企业辅导和咨询的经验，总结出了一套“洋为中用”的预算理念和方法。本书从理念入手，以案例串联，通过模拟经营场景、数字表单等方式，不知不觉就将读者带入到预算从编制到执行的全过程。 本书看似书的模样，却少了许多“装模作样”，多了围炉夜话之感。将高雅的东西平民化，专业的东西通俗化，既可以碎片式地读着玩，也可以作为工具书学习与查阅。','温兆文 。财务管理实战派“头牌讲师” 。元年诺亚舟管理会计研究院资深专家 。历任摩托罗拉（中国）公司、多米诺（中国）有限公司、罗士顿普瑞纳（中国）公司等多家国际知名公司财务总监和CFO等职位。在清华、北大等20多所大学开设财务管理的专题课程。 十余年来，致力于推动管理会计在企业的应用，专注培养价值创造型财务管理人才，辅导近百家大中型企业，授课近十万人次。公开课满分率达98%，客户支持率达99%。',1,'2015-08-01 00:00:00',22),(4013,'优秀税务会计从入门到精通','秦东生 于烨 ','中国华侨出版社',39,22,'products/book4013.jpg','实用、易学、易操作，学会即可提笔做账。会计知识、实务操作一点就通。一本书超越老会计们3年才能积累的经验，使初学者迅速掌握会计的核心内容，并迅速掌握实际操作的技能，如果你正行走或将行走在“财务”这条职场道路上，你不得不看！','《优秀税务会计从入门到精通》针对如何从一个入门级的税务会计人员，过渡到优秀税务会计进行了翔实的阐述，并辅以充足的案例。全书在体系结构上共分为3篇，分别是“上篇税务会计入门”、“中篇税务核算与处理”、“下篇税务会计高级实操”，在每篇之下又进一步充实了相应章节的内容，几乎涵盖了税务会计中所需要掌握的每一个概念与每一项技能。 全书层次清晰，结构完整，既可以作为初学者的入门级必备书，还可以作为资深者查漏补缺的有益读物。','秦东生，经济法学硕士研究生（税法方向），高级讲师。近年来曾在《山西财经大学学报》《北京工商大学学报》等核心期刊发表学术性论文多篇。主要研究税法、公司会计实务、财务管理研究等领域。 于烨，毕业于厦门大学，留学于澳大利亚国立大学（AustralianNationalUniversity），获商科硕士学位。主要研究方向包括商业以及企业管理。研究生期间曾在校刊多次发表文章，内容主要围绕于商业管理方法、市场学，以及国际商业管理。',1,'2015-05-01 00:00:00',22),(4014,'人人都要有会计思维','(日)安本隆晴 ','北方妇女儿童出版社',39,21,'products/book4014.jpg','会计思维会给你带来新的思考模式，给你带来巨额财富！不懂会计思维，一辈子只能当基层员工！优衣库幕后推手、日本天才会计师安本隆晴解密“会计思维”。“优衣库、无印良品、宅急便等公司成功，都靠这本会计思维教科书” ','优衣库、丰田、松下、无印良品、宅急便等公司成功，都靠这本会计思维教科书！破除“老板很辛苦，企业却没赚”的魔咒：不是只看”盈余”！同一张报表，用会计思维该看什么数字才对。丰富图表，简单看懂复杂报表：12种经营指标彻底分析，不同行业报表绩效评估，变身赚钱公司根本不难！本书作者安本隆晴是优衣库柳井正社长一直仰慕的人，柳井正社长的《一胜九败》和《成功一日可舍去》两书中，皆提到本书作者安本隆晴是改变迅销集团命运的重要人物。','(日)安本隆晴。日本资深会计师、优衣库经营稽核人。1954年生于日本静冈，1976年早稻田大学商学系毕业，是资深会计师、税务士和公司上市监察顾问。曾任职朝日监察法人公司，现开设安本会计事务所。1990年受迅销集团柳井正社长所托，担任公司上市监察咨商顾问，帮助优衣库从地方小公司摇身变为跨国上市大企业，至今已23年。同时担任日本各业种大企业经营监察顾问。',1,'2015-04-01 00:00:00',22),(4015,'世界上最简单的会计书','(美)达雷尔·穆利斯','机械工业出版社',39,20,'products/book4015.jpg','摆个果汁摊，钱从何处来？怎么花？每杯果汁卖多少钱合适？每天必须卖多少才能保本？总共赚了多少钱？要不要扩张？三大基本财务报表—资产负债表、利润表及现金流量表可以为柠檬汁生意提供什么信息？快来阅读这本世界上最简单的会计书，基本财务知识，读完本书你就可完全明白了。 ','会计难吗？不，一点儿也不！只要你看过这本书。创业者、投资者、企业家、老板、有抱负的经理人、会计的好奇者……速速看过来！本书以一个小男孩开设柠檬汁摊为背景，阐述了最基本的会计原理和方法。读者可在小男孩制作广告招牌、向妈妈借钱、从杂货店买糖和柠檬、卖柠檬汁给邻居和同学们的过程中，一步步了解资产、负债、盈余、存货、应付账款等专业名词。 ','(美)达雷尔·穆利斯（Darrel Mullis）担任EDI公司的培训与开发部经理长达12年。他讲授EDI的学习技巧，并为培训者开发出一套培训教程。穆利斯通过300多个成功的会计游戏研讨班，为数千名美国人进行了财务知识的培训。穆利斯与他四个女儿目前居住在科罗拉多州的路易斯维尔市。',1,'2013-10-01 00:00:00',22),(5001,'体育运动中的功能性训练','(美)迈克·鲍伊尔','人民邮电出版社',100,50,'products/book5001.jpg','迈克·鲍伊尔功能性训练奠基之作全面升级！ 在最小化损伤风险的同时保持高水平运动表现。 ·不论是在力量房、赛场、田径场，还是训练垫上，都能帮你实现最佳训练效果。借助国际权-威运动表现教练的概念、方法、练习和方案，最大程度地优化比赛动作。 ','书中的训练方案示例有利于实现个性化应用，确保身体运动表现在各个方面都获得充足的准备。鲍伊尔还在泡沫轴滚动、拉伸、动态热身等方面加入了最新的研究成果和实践经验，提供了绝佳的训练建议。《体育运动中的功能训练》超越了传统的动作描述和说明的方式，加入了全彩高清的基础动作图片、注释以及重要动作分析。这一版本提供了最先进的功能性训练知识，能满足各种专项运动需求。 ','(美)迈克·鲍伊尔（Michael Boyle）是体能训练、功能性训练以及大众健身领域最著-名的专家之一，以其先驱性的工作蜚声国际，是世界各地体能训练大会及运动训练学术会议上炙手可热的演讲人。鲍伊尔的训练经验丰富，训练对象从中学生到几乎所有顶-级职业运动项目的全明星级别运动员。美国纽约州立大学布法罗分校运动科学学士、营养学硕士。原美国Equinox 健身俱乐部华尔街分部私人教练。2016 年，成为北京言鼎动作学院联合创立者，并担任负责人。',0,'2017-10-01 00:00:00',23),(5002,'运动损伤的预防、治疗与恢复 ','(美)罗伯特·S.高特林','人民邮电出版社',120,100,'products/book5002.jpg','详解身体各部位的130种运动损伤 解析常见原因，明确易发生损伤的专项运动与动作 阐释识别方法，正确判断损伤类型及严重程度 介绍治疗方法，了解不同情况下可采取的治疗技术 明确重返体育运动的条件及注意事项，实现安全恢复','在体育锻炼的过程中，人们不可避免地会受到运动损伤的困扰。本书由25位著-名医生和治疗师共同执笔，结合近百幅骨骼及肌肉彩色解剖图，对身体各部位运动损伤中的130种运动损伤的常见形成原因、识别方法、治疗方法、重返体育运动的条件和注意事项等方面进行了讲解。与此同时，本文介绍了如何制定科学体能训练计划、正确搭配营养饮食，旨在帮助读者有效预防损伤和在损伤发生后安全地重返体育运动。','罗伯特·S.高特林，博士，著-名骨科专家和运动康复专家，叶史瓦大学阿尔伯特·爱因斯坦医学院物理医学与康复专业助理教授。多年来，他一直主持“罗伯特博士谈体育健康和健身”和“ABC 健康生活”两档电视节目，为大众讲解医疗新闻和实用健康建议。此外，他还承担了多家NBA球队以及其他运动队伍的医疗服务任务，在大量实践经验的基础上发表了许多运动损伤治疗方面的文章。',0,'2017-11-01 00:00:00',23),(5003,'猫咪家庭医学大百科','林政毅,陈千雯','电子工业出版社',99,69,'products/book5003.jpg','猫博士力荐《喵问题：学会好好爱你的猫》新书热销中！全台湾200位宠物医师联名推荐，日常照顾与特殊医病照顾全图解，猫咪终生适用！经典畅销，上市一年加印5次，累计销量逾3万册！','台湾猫咪专科医师为猫咪量身打造的养护指南。从幼猫、小猫到成猫、老猫。从日常护理、意外与伤病判断到病猫居家护理。10种猫咪肢体语言解读日常护理9大方面详细讲解62种常见疾病分类详述。全部采用真实照片图解，生老病死、疑难杂症全收录。养猫是件快乐的事，也是一门学问。了解你的猫咪，科学养护，预防疾病，才能与它更长久地相守相伴。','林政毅。网络昵称“猫博士”。中兴大学兽医研究所博士，曾任桃园大安动物医院及百合动物医院副院长。1994年开设中山动物医院，2007年创立全台湾第一家猫医院—101台北猫医院，2011年开设中山动物医院内湖分院。曾任台北市兽医师公会常务理事、台北市兽医师公会理事、小动物内科医学会理事、“中华兽医师联盟”协会顾问。陈千雯。毕业于嘉义大学，曾任台北中山动物医院主治医生，现任101台北猫医院院长。',1,'2018-01-01 00:00:00',24),(5004,'狗狗的健康吃出来','蓝炯','中国轻工业出版社',48,28,'products/book5004.jpg','《狗狗的健康吃出来》从狗狗的生理特点出发，分析了狗狗营养需求的特点，提出狗狗的饮食应该是以动物性蛋白质为主，适当补充维生素、矿物质、碳水化合物、膳食纤维和水；指出颗粒狗粮不是狗狗健康的食物；提倡给狗狗自制狗饭，给狗狗吃生骨肉，从而避免狗狗因饮食不当而罹患各种疾病。',' 如果你爱你的狗狗，一定要给它吃天然、营养、健康的食物！《狗狗的健康吃出来》一书从营养健康、方便性以及经济成本的角度出发，全面分析了用商业狗粮、自制狗饭、生骨肉以及剩菜剩饭作为狗狗饮食的利弊，详细讲解了如何选择优质的商业狗粮、怎样快速自制狗饭、如何用生骨肉喂养以及怎么利用剩菜剩饭。书中对狗狗饮水和服用营养保健品也做出了总结，并附有大量实际案例。','蓝炯。住在上海的杭州人。从小喜欢小动物，已有20年的养宠经历。目前是3狗3猫的妈妈。独立训犬师，擅长宠物犬行为纠正。喜欢钻研猫狗营养学，给毛孩子自制健康的饮食。2014年编著并出版了《汪星人潜能大开发----狗狗训养指南》一书，深受广大读者的喜爱。',0,'2018-02-01 00:00:00',24),(5005,'越算越聪明的印度数学','王擎天','江苏科学技术出版社',35,15,'products/book5005.jpg','比一般算法快10~15倍，剑桥大学指定培训课程，9~99岁都适用的“头脑瑜伽”！引爆思维：吠陀数学熔逆向思维、发散性思维等思维方式于一炉，助你打破思维定式，释放创意思维能力。比魔术更神奇的科学方法，比游戏更好玩的运算方式。一天10分钟，提速10～15倍，体验越久，算得越快；孩子、中小学生、成年人通通行。','本书分四章循序渐进地介绍了印度数学在加减乘除运算中的妙用，尤其是乘除运算，更是印度数学大显神威的舞台。第一章是入门篇，介绍加减运算中从左向右的逆向速算法；第二章和第三章属进阶篇，介绍印度数学的核心思想之一——补数思想，以及数种针对特殊算式的特别方法；第四章介绍了三种游戏式的简算法，带学习者认识印度数学轻松有趣的一面：这一章用格子算法、三角魔方等顿悟式的简算方法，告诉学习者数学并不单单是枯燥烦琐的逻辑运算，也可以是手脑并用的数字游戏或趣味十足的脑筋急转弯。','王擎天，美国UCLA硕士、博士，台湾数学教育界巨擘，荣获英国City & Guilds国际认证。专攻人类的全脑思维与学习动机之激发，其首创的“全方位思考学习法”，彻底颠覆了填鸭式教育学习，不少学习者已经借助“全方位思考学习法”成为了社会精英，立足于政、商、学界。',1,'2013-11-01 00:00:00',24),(5006,'西藏：改变一生的旅行','尼玛达娃','广东旅游出版社',66,34,'products/book5006.jpg','西藏旅游全身心攻略 世界上的人分两种：去过西藏的，没去过的，对于没去的人来说，它是一方令人神往的佛界净土；对于去过的人来说，它是一个令人怀想的精神家园。这本书可以作为你旅游西藏的行程指南。 ','本书是一本是为向往西藏之行、西藏文化的人和即将启程去西藏旅行的人设计的西藏旅行百科全书。除了例行的示意图和交通情况、旅行提示等(大多经作者实地考察或对资讯进行核对更新)之外，书中的精美照片和资料图片，展现了西藏的特色风景和文化景观。另外，特别筛选提供了适当的背景和词汇解释，以使读者能够全面领略西藏的自然风光、风土人情、宗教信仰，从而获得超脱尘世的体验。 ','尼玛达娃（藏名），本名邢环中——一个被西藏改变了人生道路的人。十多年前，走出大学校门，他遁去了西藏。再遁逸，拉萨也有霓虹灯，于是他去了墨脱。“八年援藏”，在西藏待了八年（含墨脱三年）之后，他选择返回大都市上海。在上海读研，兼职做律师，五年后出人意料但又意料之中地重返西藏。他的命运充满波折，他的灵魂不肯安歇，他的脚步从未停止。',1,'2015-06-01 00:00:00',25),(5007,'一个人的旅行，只为遇见更好的自己','张丽莹','北京联合出版公司',39,29,'products/book5007.jpg','一个人，在路上，用美好给自己壮行。本书以独特的视角，详尽的介绍，大量有价值的图片，将精选的一些适合一个人旅行的地理风景、人文风情等都做了详细的介绍，而且还有很多非常实用的爱心随身贴，为旅行中的人们提供了很好的指导作用。全书语言简洁有趣，实用而结构严谨，兼具趣味性和实用性，将各地的风景人情一一呈现于读者眼前。','《一个人的旅行，只为遇见更好的自己》一书精彩呈现全世界适合一个人旅行的目的地，尤其针对游客兴趣点最高的国家给予了最细致的描述，既有时尚摩登的繁华都市，也有清新脱俗的浪漫之都，还有古典温婉的文艺小镇等等，都进行了详实的介绍，方便读者们快速找到一个地方的旅游亮点，使读者更能身临其境地感受其中。同时，每个地方都配有精彩图片，呈现地区美景，还配有游历小档案，呈现出游玩的名不虚传之地，使你可以不虚此行。','张丽莹，女，曾任91文学网编辑，北京盛驰文化传媒公司《书报文摘.周末版》编辑，心路中文网创办人之一，以及奉化作协杂志《雪窦山》主编。代表作有图书《人生要淡定，生活要从容》《愿得一心人--绝代红颜的诗情与哀愁》，《男人那点心思，女人那点心计》，诗歌《岁月潦草》，小说《我们就这样白头到老》等。 喜欢文字，喜欢手指于键盘间飞舞的感觉，喜欢在夜里聆听心的声音。人生若梦，缘似水，皆如烟，但求我心无愧，来去两由之。',1,'2016-05-01 00:00:00',25),(5008,'世界那么大，我想去看看 ','金角','中国言实出版社',39,19,'products/book5008.jpg','旅游是人生美好的一种投资，千家媒体欢呼推荐。李冰冰、乐嘉、谢娜感动转发。网络超红关键词，引发亿万网友躁动，跪求：带上我！无数次蠢蠢欲动不如一次放纵，撕开千篇一律的生活，去投奔这个世界，给心放一条生路','世界如此之大，我们却在眼前的小世界里奋力挣扎，生活一成不变，每天望着同样的天空，踩着同样的土地，就以为这是全世界。 总会抱怨种种因素而无法前行，其实真正阻挡脚步的是自己。 我想去看看这个世界，哪怕只有我一个人，但我可以放肆大笑。地图，谢谢，不需要；攻略，走开，做不到。在异国酒吧和同性接吻，不睡觉在街上坐等日出来临，在陌生城市的夜晚肆意奔跑…… 世界那么大，我想用脚步去丈量它，早晚有一天，我会走遍全世界。','金角，天蝎座，是个细心、敏感的独立观察者，做事大胆，作为26岁的美女外企主管，却爱周游世界，因此想出了一个不用辞职也能低成本去旅行的方法，就是做整个世界的沙发客。22岁开始不定期旅行，北欧几乎都有她的足迹，喜欢一个人出发，一个人抵达，身边总是有一只28寸的行李箱陪伴。常做沙发客，喜欢和帅房东喝酒聊天，每每在大醉后写下一路所见所闻，所感所思，竟也颇为动人。 ',1,'2018-03-11 00:00:00',25),(5009,'如果可以去流浪','杨然','天津人民出版社',39,23,'products/book5009.jpg','人生就是一场流浪，当你在路上，才能找到生活的真正意义；25岁文艺女孩杨然历经7年，走过14个国家，寻觅32段感动心灵的自由之旅每一座城市的历史变迁，每一个瞬间的浪漫永恒，每一段感动的温柔时光，在巴黎巧遇卖掉家产独自来旅行的美国老人，在罗马和伙伴走街串巷找寻最美的意外，在拉萨茶馆里和藏族老人喝茶闲谈，寻找生活的真正意义。','90后女孩杨然从18岁大学期间开始自助旅行，大三在哥廷根大学交流学习一年，德国许多座城市都留有她的足迹。21岁开始进入航空公司工作，利用业余时间踏遍欧洲、亚洲多个国家和地区，不辞职也能去旅行。在路上，她遭遇各种困难，与流浪汉在一个候车室过夜，无数次走错路，忍受饥饿、丢钱、被骗，甚至在安达曼海上漂流命悬一线；然而她也找到旅行和生活的真正意义。旅途中，她写下了20万字的旅行笔记，成为腾讯画报特约旅行达人。','杨然，90后，南京大学德语系毕业，大三曾在哥廷根大学交流学习一年。读过几本书，行过一些路，遇见过很多人。人来疯，超级话唠，热情奔放的敏感星人，旅行上瘾症患者。从两岁第一次跟随父母长途旅行开始，二十多年来一直坚持旅行，利用课余、业余时间，踏遍全国乃至全球18个国家和地区。坚信旅行的真谛是为了更好地生活，而更好的生活是为了去更远的地方旅行。她用旅行，完成与生活的共鸣。',1,'2016-04-01 00:00:00',25),(5010,'至味在人间','陈晓卿','广西师范大学出版社',45,34,'products/book5010.jpg','《舌尖上的中国》总导演，十年谈吃文章首度结集，白岩松、蔡澜、柴静、冯唐、梁文道、沈宏非一致推荐。既不高冷，也绝非小清新，陈晓卿的美食文章独具特色，喜欢钻研街边巷尾小馆子的独门看家菜，喜欢跋山涉水跟着朋友品尝各路不上台面的特色江湖菜。','《至味在人间》是一个美食爱好者的十年饮啜笔记，陈晓卿将文字化作原料，以散文为碗钵，佐以故事人情之盐，把关于食物的独家记忆蒸炒煎炸而成此书。从千里之外的江湖至味到灵魂深处的家乡味道，从四面八方觅食的扫街嘴到饮食变迁的沧海桑田，从食客厨子店小二谈到饭菜与共那一人，拂袖笑破饭桌上的假面具，平民食物也看得人口水四溅之时，归根结底直抵人心：吃什么、在哪里吃这些问题远不如“和谁吃”来得重要，人间至味往往酝酿于人与人之间。','陈晓卿。纪录片制作者，美食专栏作家。 1965年生于安徽灵璧，1989年毕业于北京广播学院（现名中国传媒大学）后，入职中央电视台工作至今。1991年开始拍摄和制作纪录片，作品有《远在北京的家》《龙脊》《百年中国》《一个时代的侧影》《甲子》等。 因对各种食物不加挑剔的热爱，且热衷搜寻平民美食，朋友戏称为“扫街嘴”，十余年前开始在报刊写作美食文章，《至味在人间》一书即此前文章的首度精选结集',1,'2016-01-01 00:00:00',26),(5011,'10分钟全家营养早餐','养生堂专家组','中国轻工业出版社',45,30,'products/book5011.jpg','中医养生学、西医营养学中超实用、超经典的配方。259种中西精选营养菜点，365天不重样的品质早餐搭配方案。给全家人的方案，贴心周到，一个也不少。每天10分钟，奇迹改变全家人！','《10分钟全家营养早餐》特别聘请养生堂专家组精挑细选出了259种菜点，在考虑到营养均衡搭配的同时，提供了中西不同、四季不同口味的菜点，还照顾到不同人群的需要，提供了适合老人、儿童、孕妇、常见病患者的早餐方案，并严格控制时间，简易营养方便。每天只要10分钟，就能为全家人提供均衡而科学的营养，确保一家人的健康，这就是中国好早餐的智慧','养生堂专家组由来自北京中医药大学中药学院、中国农业大学食品科学与营养工程学院、中国食品协会的专家教授组成，他们多来自教学和研究领域的最前沿，有着深厚的学术背景和丰富的临床、实践经验。他们在工作之余，致力于养生知识的科普和传播。',0,'2015-02-01 00:00:00',26),(5012,'一人食：一个人也要好好吃饭 ','蔡雅妮','江苏文艺出版社',40,27,'products/book5012.jpg','随书附赠「一人食」美食手绘本！20位个性十足的主人公，用他们的独家美味，表达了对生活极致的敬意和热爱。除了面包和泡面之外，一个人的餐桌，也可以有更多选择；一个人的生活，也可以很精致温暖。','一个人吃饭，更不能随便，不能将就，它是静静享受、品味快乐的时光，一个人也要好好吃饭！食物有超乎想象的治愈力量，它能填饱你的肚子，更能治愈你的孤独。本书记录了20种有故事的食物和有态度的生活方式，用直抵内心的文字，真实而感人的故事，向所有在热闹的城市中独自吃饭的人传递一种正能量。不管有没有人陪你吃饭，愿你都能从一道精心准备的食物中，找到治愈自己的简单幸福。','蔡雅妮：人气美食短片「一人食」制作人。单身人士，爱喵星人，爱食爱酒，不会做饭。 张爱球：记者出身，对一切不用坐在办公室里做的事有兴趣。有点笨手笨脚。「一人食」忠实粉丝。',1,'2014-09-01 00:00:00',26),(5013,'做好一道菜','罗生堂','北京科学技术出版社',66,47,'products/book5013.jpg','罗生堂 100道经典家常菜，每道菜，每个步骤，都有诀窍！原五星酒店大厨 25年掌勺心得 倾囊以授。新浪美食博客17 000 000点击量 人气见证。每道菜，每个步骤，都有诀窍！不只学会100道经典家常菜，还有厨艺飞跃！','本书围绕着“怎样才能真正地学会做好一道菜”，按照不同食材，挑选了100道具有代表性的家常菜。在此基础上，对每道菜、每一步中可能忽视的小细节都进行了详细的讲解。这些细节有的涉及食材，如如何挑选、是否可替换，有的涉及操作技法，如油温几成、油量如何、何时调整火力；调料几克，先放后方，为何按此顺序，等等。做完后，你还可以了解到如何举一反三，做出更多相似的菜式。','罗生堂。学厨20年有余，曾在北京某五星酒店做粤菜厨师。随后不务正业辞职瞎奔，家里蹲过，办过公司，开过饭馆。2012年6月开始在新浪写有美食博客“罗生堂的小筑”，意取生活中的宁静之隅。博客内容以家常菜做法为主，因为图片馋人、讲解有趣而被粉丝“盯梢”，短短一年间点击量便突破了1000万。',0,'2017-12-01 00:00:00',26),(5014,'面粉·水·盐·酵母','(美)肯·福克斯','北京科学技术出版社',89,63,'products/book5014.jpg','新鲜出炉的面包表皮酥脆、内部松软，没有比咬一口这样的面包更令人感到满足的事情了。你也能设计出属于自己的面包配方！美国最受欢迎面包书！荣获詹姆斯·比尔德基金会烹饪书籍大奖/国际烹饪专业协会烹饪书籍大奖','无论你是初学者还是严谨的烘焙师，《面粉•水•盐•酵母》一书中总有适合你的烘焙水平和时间要求的配方：可以制作直接面团，晚餐时就能享用新鲜的面包；也可以用意式酵头或波兰酵头制作面团，探索酵头面包制作的奥秘；如果想进一步提升自己的烘焙水平，可以按照福克斯列出的分步指导用面粉和水来制作天然酵种，你一定会为自己制作的天然酵种面包的味道所折服。比萨爱好者则可以用不同的面团、酱汁、比萨石或者铸铁煎锅制作可口的比萨。','在高新技术行业从业20年之后，肯•福克斯毅然离开硅谷，去做一名专业烘焙师。他搬到俄勒冈州的波特兰，2001年创办了“肯的手工比萨店”。福克斯曾在旧金山烘焙学院、美国烹饪学院格雷斯通分校、意大利托斯卡纳萨波里塔烹饪学校以及法国的保罗·博谷斯酒店和厨艺学院培训学习。',1,'2016-12-01 00:00:00',26),(5015,'茶日子','李启彰','电子工业出版社',49,29,'products/book5015.jpg','喝一口干净的茶，比喝一口好喝的茶来得重要！国际烹饪专业协会烹饪书籍大奖。本书引导读者如何以舌头的味觉、韵的觉知、身体的体感、心灵层次等，依循序渐进方式品茶。以人体生理学的分析角度，将科学依据引入品茶观念。将气功的科学原理与品茶方式结合并探讨','喝一口干净的茶，比喝一口好喝的茶来得重要！本书作者将自己推广茶文化多年经验，将「喝茶」分为四大品类，有「以口品茶」，「以韵品茶」，「以身品茶」，「以心品茶」等；并将这四大类品茶从人体生理学、物理学、植物学等面向切入分析，如茶进入人的身体之后其感觉会有何变化做分层说明，及大自然改变与植物互动所产生的结果与差异，同时，作者更从气功、禅修、内观呼吸等角度，导引茶与人之身、心、灵之间的关连与作用。','李启彰。中国茶文化，茶具连锁店“岩陶”总经理。上海复旦大学EMBA，美国圣母大学MBA，淡江大学物理系毕业。理科背景出身，因缘际会踏入茶道世界，自2009年在中国大陆推广茶文化以来，已举办超过百余场的茶会与讲座。近来更以“无毒饮茶”为职志，从科学角度解密品茶，以实际行动宣传及追求一个有机的生态环境。',0,'2015-01-01 00:00:00',26),(6001,'十天搞定考研词汇','王江涛，刘文涛','浙江教育出版社',42,29,'products/book6001.jpg',' “十天搞定考研词汇”听起来有些疯狂，看似不可能，但事实并非如此。在本书中，作者根据自己的亲身经历和十余年的教学实践，并结合艾宾浩斯记忆规律，列出了科学合理的词汇记忆进度表。只要考生敢挑战，拼毅力，就一定能够取得良好的效果！','《十天搞定考研词汇：乱序版》是将艾宾浩斯记忆规律引入单词记诵的考研词汇辅导书。本书由新东方考研英语两大人气名师王江涛和刘文涛携手倾力打造，旨在帮助考生在短期内快速高效地突破考研英语词汇。本书选取了考研真题中出现的大纲词汇和超纲词汇，并囊括了历年真题中词汇的考点搭配和重要用法。此外，本书为每个List录制了配套的词汇讲解视频，立体式学习，利于进一步提高学习效果。本书还提供考研导学视频，有助于考生从整体上更好地把握考研英语的学习和备考。','王江涛：新东方考研英语人气名师，英语写作首席主讲，新东方20周年功勋教师。北京外国语大学英语语言文学学士，北京大学硕士，曾任中国政府代表团高级翻译出访欧美。刘文涛：新东方考研英语人气名师，北京新东方考研集训营词汇首席主讲，北京新东方国内考试部教师面试官。全级别词汇资深名师。',1,'2015-11-01 00:00:00',29),(6002,'不就是语法和长难句吗?','刘晓艳','中国政法大学出版社',39,29,'products/book6002.jpg','本系列丛书由考研英语辅导名师刘晓艳名师结合十余年的授课经验和对考生情况的认知编写而成，并配有紧密的线上爱启航系列课程和线下启航考研辅导课程，书和课完美结合，既解决了单独使用图书的枯燥，又解决了授课不针对图书的烦恼。','《不就是语法和长难句吗？》结合多年真题，剖析语法概念，举例通俗易懂，帮助学生快速掌握重点语法知识。本书主要分两部分，*部分“语法和长难句知识点讲解”，用幽默的语言风格讲解重点语法知识，帮助学生基本搞定语法和长难句；第二部分“彻底搞定词汇和长难句之真题精讲”，对多年考研真题进行剖析，帮助学生通过大量习题巩固考研词汇，掌握考研英语完形、阅读、翻译的答题技巧。','考研英语辅导老师，从事考研英语辅导十余年。曾在新东方教育集团任教，被评为新东方国内考试部特邀培训师及考研巡讲师。晓艳老师是考研英语所有模块全讲的女教师，坚持用通俗易懂的语言来诠释复杂生僻的知识点，课堂氛围轻松搞笑而又充满激情。授课风格干净利落，化繁为简，让枯燥的英语变为你的爱好；',0,'2018-05-01 00:00:00',28),(7002,'Java编程思想','(美)布鲁斯·埃克尔','机械工业出版社',115,89,'products/book7002.jpg','《Java编程思想》赢得了全球程序员的广泛赞誉，即使是晦涩的概念，在BruceEckel的文字亲和力和小而直接的编程示例面前也会化解于无形。从Java的基础语法到高级特性（深入的面向对象概念、多线程、自动项目构建、单元测试和调试等），本书都能逐步指导你轻松掌握。','本书的作者拥有多年教学经验，对C、C 以及Java语言都有独到、深入的见解，以通俗易懂及小而直接的示例解释了一个个晦涩抽象的概念。本书共22章，包括操作符、控制执行流程、访问权限控制、复用类、多态、接口、通过异常处理错误、字符串、泛型、数组、容器深入研究、JavaI/O系统、枚举类型、并发以及图形化用户界面等内容。这些丰富的内容，包含了Java语言基础语法以及高级特性，适合各个层次的Java程序员阅读。','布鲁斯·埃克尔（Bruce Eckel），是MindView公司的总裁，该公司向客户提供软件咨询和培训。他是C 标准委员会拥有表决权的成员之一，拥有应用物理学学士和计算机工程硕士学位。除本书外，他还是《C 编程思想》的作者，并与人合著了《C 编程思想第2卷》。',1,'2013-01-01 00:00:00',32),(8001,'大国宪制','苏力','北京大学出版社',86,53,'products/book8001.jpg','历史中国的制度构成,时隔十多年，苏力教授全新力作！讲述是什么造就了今日的中国','本研究从历史中国所面临的至关重要的核心政治问题出发，逐一阐释了“齐家”“治国”“平天下”等构成制度，以及军事制度、官僚体系、经济制度等，从而重构了历史中国的制度图景。','苏力<br/>北京大学博雅讲席教授，北京大学法学院天元讲席教授，长江学者。<br/>祖籍江苏，1955年愚人节出生于安徽合肥。少年（1970年）从军，再当工人；1978年恢复高考后，复员军人进了北大法学院，获学士学位；1985年读研期间，赴美留学，先后获硕士、博士学位。1992年起任教北大法学院至今。先后独立发表论文200余篇，出版个人独著、文集和译著20余种。',1,'2017-12-01 00:00:00',43),(8002,'全球通史','(美)斯塔夫里阿诺斯','北京大学出版社',112,99,'products/book8002.jpg','中国畅销200万册，修订版新增数百幅珍贵的图片和脉络清晰的地图。你将看到一个从来就存在，却被大多数人无视的真实世界。','作者在本书中采用全新的史学观点和方法，将整个世界看作一个不可分割的有机的统一体，从全球的角度而不是从某一国家或某一地区的角度来考察世界各地区人类文明的产生和发展，把研究重点放在对人类历史进程有重大影响的诸历史运动、诸历史事件和它们之间的相互关联和相互影响上，努力反映局部与整体的对抗以及它们之间的相互作用。','[美]斯塔夫里阿诺斯<br/>斯塔夫里阿诺斯是美国加州大学的历史学教授，享誉世界的历史学家，曾获得过古根海姆奖、福特杰出教师奖和洛克菲勒基金奖等一系列学术荣誉。虽然他以《全球通史》闻名全世界，但实际上他著述颇丰，还有大量其他作品为学术界所称道。除《全球通史》外，斯塔夫里阿诺斯的其他作品还包括《1453年以来的巴尔干各国》、《奥斯曼帝国：它是欧洲的病人吗?》、《全球分裂：第三世界的历史进程》和《源自我们过去的生命线：新世界史》等。',1,'2012-02-01 00:00:00',38),(8003,'中国历史地理十五讲','韩茂莉','北京大学出版社',56,37,'products/book8003.jpg','勾勒往昔的地理图景，是了解中国历史地理绝佳的入门书。十五讲系列，深受读者欢迎的名家佳作书系！通俗、详尽、精彩！','大地是人类生存的根基，也是人类活动的舞台，人类依托大地、利用大地、改造大地的行为，成为地理学研究的各个领域。历史地理是研究往昔的地理，《中国历史地理十五讲》涉及历史地理研究的主要领域——疆域、环境、政区、农业、交通、军事、城市等，对这些领域的基本问题及其历史发展进行了梳理和介绍，是了解中国历史地理很好的入门书。','韩茂莉<br/>北京大学城市与环境学院教授。主要研究中国历史地理，在历史农业地理、历史时期环境变迁以及历史乡村社会地理方面做出重要贡献，先后主持国家自然科学基金、国家社会科学基金、教育部社会科学基金项目13项，出版《宋代农业地理》《辽金农业地理》《草原与田园--辽金时期西辽河流域农牧业与环境》《中国历史农业地理》等学术专著，并在《文史》《地理学报》《考古学报》《近代史研究》《中国史研究》等刊物发表学术论文近50篇。',1,'2015-06-01 00:00:00',38),(8009,'java编程思想','(美)凯 S.霍斯特曼','机械工业出版社',129,89,'products/1/book7001.jpg','全新第10版！Java领域极具影响力和价值的著作之一，与《Java编程思想》齐名，10余年全球畅销不衰，广受好评 ','Java领域最具有影响力和价值的著作之一，由拥有20多年教学与研究经验的资深Java技术专家撰写(获Jolt大奖)，与《Java编程思想》齐 名，10余年全球畅销不衰，广受好评。第10版根据Java SE 8全面更新，同时修正了第9版中的不足，系统全面讲解了Java语言的核心概念、语法、重要特性和开发方法，包含大量案例，实践性强。 ','凯 S. 霍斯特曼（Cay S. Horstmann），圣何塞州立大学计算机科学系教授、Java的倡导者，经常在开发人员会议上发表演讲。他是《Core Java for the Impatient》（2015）《Java SE 8 for the Really Impatient》（2014）和《Scala for the lmpatient》（2012）的作者，这些书均由Addison-Wesley出版。他为专业程序员和计算机科学专业学生编写过数十本图书。 ',0,'2018-03-25 17:36:56',32);

/*Table structure for table `review` */

DROP TABLE IF EXISTS `review`;

CREATE TABLE `review` (
  `rid` int(11) NOT NULL AUTO_INCREMENT,
  `pid` int(11) DEFAULT NULL,
  `rname` varchar(30) DEFAULT NULL,
  `quality` int(11) DEFAULT NULL,
  `rtext` varchar(255) DEFAULT NULL,
  `reviewtime` datetime DEFAULT NULL,
  PRIMARY KEY (`rid`),
  KEY `FKE8B2AB2140ACCEE5` (`pid`),
  CONSTRAINT `FKE8B2AB2140ACCEE5` FOREIGN KEY (`pid`) REFERENCES `product` (`pid`)
) ENGINE=InnoDB AUTO_INCREMENT=23 DEFAULT CHARSET=utf8;

/*Data for the table `review` */

insert  into `review`(`rid`,`pid`,`rname`,`quality`,`rtext`,`reviewtime`) values (2,3002,'aaa',5,'好书，不解析','2018-03-28 15:04:01'),(3,3002,'bvbvb',5,'还行凑合','2018-03-28 15:07:28'),(4,3002,'cbnv',2,'没什么感觉','2018-03-28 16:11:42'),(5,3001,'aaa',5,'不错','2018-03-28 16:24:09'),(6,3001,'vvv',3,'一般般吧','2018-03-28 16:24:44'),(7,3001,'awe',2,'没什么用，打发时间','2018-03-28 16:25:35'),(8,1001,'qaq',4,'还ok','2018-03-29 15:24:19'),(9,5008,'aaa',5,'好书','2018-04-05 23:45:41'),(10,4004,'aaa',5,'内容丰富多彩，学到了很多使用的知识，赞一个!','2018-04-05 23:47:12'),(11,1006,'zxc',5,'还行','2018-04-05 23:49:07'),(12,8009,'无所事事',5,'经典之作，','2018-04-05 23:51:57'),(13,2006,'bbb',5,'金典名著小说，值得一看','2018-04-05 23:56:30'),(14,2001,'无与伦比',5,'内容丰富，引人深思','2018-04-12 17:03:56'),(15,2006,'xew',5,'好看，经典','2018-05-17 20:22:33'),(16,2001,'Ben',2,'何天下在此留金句一行','2018-05-18 12:16:38'),(17,2016,'eee',5,'金典小说','2018-05-18 23:09:24'),(18,5004,'gge',4,'狗狗爱好者必备','2018-05-18 23:09:59'),(19,1014,'xew',5,'6666','2018-05-19 23:11:35'),(20,5005,'xew',4,'123123132132','2018-05-20 14:42:29'),(21,1002,'aaa',4,'123','2018-05-20 17:17:22'),(22,2006,'aaa',2,'2123','2018-05-20 17:19:09');

/*Table structure for table `user` */

DROP TABLE IF EXISTS `user`;

CREATE TABLE `user` (
  `uid` int(11) NOT NULL AUTO_INCREMENT,
  `username` varchar(30) DEFAULT NULL,
  `password` varchar(30) DEFAULT NULL,
  `name` varchar(30) DEFAULT NULL,
  `email` varchar(30) DEFAULT NULL,
  `phone` varchar(30) DEFAULT NULL,
  `addr` varchar(50) DEFAULT NULL,
  `state` int(11) DEFAULT NULL,
  `code` varchar(64) DEFAULT NULL,
  PRIMARY KEY (`uid`)
) ENGINE=InnoDB AUTO_INCREMENT=24 DEFAULT CHARSET=utf8;

/*Data for the table `user` */

insert  into `user`(`uid`,`username`,`password`,`name`,`email`,`phone`,`addr`,`state`,`code`) values (14,'aaa','123','小明','924201320@qq.com','18744887590','福建石狮闽南理工学院',1,NULL),(16,'bbb','123','bbb','924201320@qq.com','18744887590','福建石狮闽南理工学院',1,NULL),(19,'qwe','qwe','李四','123456789@qq.com','00000000000','福州大学',0,NULL),(21,'asd2953537','123','','382654543@qq.com','','',0,'54468c1dcbd6400ea82d9c6f1f0a371da2db875218d3411aac996db9ea1da96f'),(22,'a123456','123','匿名','123456789@qq.com','12345678900','test',1,NULL),(23,'zxcv','123456','456','2673081983@qq.com','456','456',1,NULL);

/*Table structure for table `wishlist` */

DROP TABLE IF EXISTS `wishlist`;

CREATE TABLE `wishlist` (
  `wid` int(11) NOT NULL AUTO_INCREMENT,
  `uid` int(11) DEFAULT NULL,
  `pid` int(11) DEFAULT NULL,
  `wdate` datetime DEFAULT NULL,
  PRIMARY KEY (`wid`),
  KEY `FKE8B2AB2140ACF99A` (`uid`),
  KEY `FKE8B2AB4155DB7AE6` (`pid`),
  CONSTRAINT `FKE8B2AB2140ACF99A` FOREIGN KEY (`uid`) REFERENCES `user` (`uid`),
  CONSTRAINT `FKE8B2AB4155DB7AE6` FOREIGN KEY (`pid`) REFERENCES `product` (`pid`)
) ENGINE=InnoDB DEFAULT CHARSET=utf8;

/*Data for the table `wishlist` */

/*!40101 SET SQL_MODE=@OLD_SQL_MODE */;
/*!40014 SET FOREIGN_KEY_CHECKS=@OLD_FOREIGN_KEY_CHECKS */;
/*!40014 SET UNIQUE_CHECKS=@OLD_UNIQUE_CHECKS */;
/*!40111 SET SQL_NOTES=@OLD_SQL_NOTES */;
